ticker,collect_date
AAPL,2021-12-19
AAPL,2021-12-20
AAPL,2021-12-21
AAPL,2021-12-22
AAPL,2021-12-23
AAPL,2021-12-24
AAPL,2021-12-25
AAPL,2021-12-26
AAPL,2021-12-27
AAPL,2021-12-28
AAPL,2021-12-29
AAPL,2021-12-30
AAPL,2021-12-31
AAPL,2022-01-01
AAPL,2022-01-02
AAPL,2022-01-03
AAPL,2022-01-04
AAPL,2022-01-10
AAPL,2022-01-11
AAPL,2022-01-12
AAPL,2022-01-13
AAPL,2022-01-14
AAPL,2022-01-15
AAPL,2022-01-16
AAPL,2022-01-17
AAPL,2022-01-18
AAPL,2022-01-19
AAPL,2022-01-20
AAPL,2022-01-21
AAPL,2022-01-22
AAPL,2022-01-23
AAPL,2022-01-24
AAPL,2022-01-25
AAPL,2022-01-26
AAPL,2022-01-27
AAPL,2022-01-28
AAPL,2022-01-29
AAPL,2022-01-30
AAPL,2022-01-31
AAPL,2022-02-01
AAPL,2022-02-02
AAPL,2022-02-09
AAPL,2022-02-10
AAPL,2022-02-11
AAPL,2022-02-12
AAPL,2022-02-13
AAPL,2022-02-14
AAPL,2022-02-15
AAPL,2022-03-14
AAPL,2022-03-15
AAPL,2022-03-16
AAPL,2022-03-17
AAPL,2022-03-18
AAPL,2022-03-19
AAPL,2022-03-20
AAPL,2022-03-21
AAPL,2022-03-22
AAPL,2022-03-23
AAPL,2022-03-24
AAPL,2022-03-25
AAPL,2022-03-26
AAPL,2022-03-27
AAPL,2022-03-28
AAPL,2022-03-29
AAPL,2022-04-13
AAPL,2022-04-14
AAPL,2022-04-15
AAPL,2022-04-16
AAPL,2022-04-17
AAPL,2022-04-18
AAPL,2022-04-19
AAPL,2022-04-20
AAPL,2022-04-21
AAPL,2022-04-22
AAPL,2022-04-23
AAPL,2022-04-24
AAPL,2022-04-25
AAPL,2022-04-26
AAPL,2022-04-27
AAPL,2022-05-18
AAPL,2022-05-19
AAPL,2022-05-20
AAPL,2022-05-21
AAPL,2022-05-22
AAPL,2022-05-23
AAPL,2022-05-24
AAPL,2022-06-13
AAPL,2022-06-14
AAPL,2022-06-15
AAPL,2022-06-16
AAPL,2022-06-17
AAPL,2022-06-18
AAPL,2022-06-19
AAPL,2022-06-20
AAPL,2022-06-21
AAPL,2022-06-22
AAPL,2022-06-23
AAPL,2022-06-24
AAPL,2022-06-25
AAPL,2022-06-26
AAPL,2022-06-27
AAPL,2022-06-28
AAPL,2022-07-13
AAPL,2022-07-14
AAPL,2022-07-15
AAPL,2022-07-16
AAPL,2022-07-17
AAPL,2022-07-18
AAPL,2022-07-19
AAPL,2022-07-20
AAPL,2022-07-21
AAPL,2022-07-22
AAPL,2022-07-23
AAPL,2022-07-24
AAPL,2022-07-25
AAPL,2022-07-26
AAPL,2022-07-27
AAPL,2022-08-17
AAPL,2022-08-18
AAPL,2022-08-19
AAPL,2022-08-20
AAPL,2022-08-21
AAPL,2022-08-22
AAPL,2022-08-23
AAPL,2022-09-12
AAPL,2022-09-13
AAPL,2022-09-14
AAPL,2022-09-15
AAPL,2022-09-16
AAPL,2022-09-17
AAPL,2022-09-18
AAPL,2022-09-19
AAPL,2022-09-20
AAPL,2022-09-21
AAPL,2022-09-22
AAPL,2022-09-23
AAPL,2022-09-24
AAPL,2022-09-25
AAPL,2022-09-26
AAPL,2022-09-27
AAPL,2022-10-10
AAPL,2022-10-11
AAPL,2022-10-12
AAPL,2022-10-13
AAPL,2022-10-14
AAPL,2022-10-15
AAPL,2022-10-16
AAPL,2022-10-17
AAPL,2022-10-18
AAPL,2022-10-19
AAPL,2022-10-20
AAPL,2022-10-21
AAPL,2022-10-22
AAPL,2022-10-23
AAPL,2022-10-24
AAPL,2022-10-25
AAPL,2022-10-26
AAPL,2022-11-09
AAPL,2022-11-10
AAPL,2022-11-11
AAPL,2022-11-12
AAPL,2022-11-13
AAPL,2022-11-14
AAPL,2022-11-15
AAPL,2022-12-18
AAPL,2022-12-19
AAPL,2022-12-20
AAPL,2022-12-21
AAPL,2022-12-22
AAPL,2022-12-23
AAPL,2022-12-24
AAPL,2022-12-25
AAPL,2022-12-26
AAPL,2022-12-27
AAPL,2022-12-28
AAPL,2022-12-29
AAPL,2022-12-30
AAPL,2022-12-31
AAPL,2023-01-01
AAPL,2023-01-02
AAPL,2023-01-03
AAPL,2023-01-16
AAPL,2023-01-17
AAPL,2023-01-18
AAPL,2023-01-19
AAPL,2023-01-20
AAPL,2023-01-21
AAPL,2023-01-22
AAPL,2023-01-23
AAPL,2023-01-24
AAPL,2023-01-25
AAPL,2023-01-26
AAPL,2023-01-27
AAPL,2023-01-28
AAPL,2023-01-29
AAPL,2023-01-30
AAPL,2023-01-31
AAPL,2023-02-01
AAPL,2023-02-15
AAPL,2023-02-16
AAPL,2023-02-17
AAPL,2023-02-18
AAPL,2023-02-19
AAPL,2023-02-20
AAPL,2023-02-21
AAPL,2023-03-13
AAPL,2023-03-14
AAPL,2023-03-15
AAPL,2023-03-16
AAPL,2023-03-17
AAPL,2023-03-18
AAPL,2023-03-19
AAPL,2023-03-20
AAPL,2023-03-21
AAPL,2023-03-22
AAPL,2023-03-23
AAPL,2023-03-24
AAPL,2023-03-25
AAPL,2023-03-26
AAPL,2023-03-27
AAPL,2023-03-28
AAPL,2023-03-29
AAPL,2023-03-30
AAPL,2023-03-31
AAPL,2023-04-01
AAPL,2023-04-02
AAPL,2023-04-03
AAPL,2023-04-04
AAPL,2023-04-12
AAPL,2023-04-13
AAPL,2023-04-14
AAPL,2023-04-15
AAPL,2023-04-16
AAPL,2023-04-17
AAPL,2023-04-18
AAPL,2023-04-19
AAPL,2023-04-20
AAPL,2023-04-21
AAPL,2023-04-22
AAPL,2023-04-23
AAPL,2023-04-24
AAPL,2023-04-25
AAPL,2023-04-26
AAPL,2023-04-27
AAPL,2023-04-28
AAPL,2023-04-29
AAPL,2023-04-30
AAPL,2023-05-01
AAPL,2023-05-02
AAPL,2023-05-03
AAPL,2023-05-17
AAPL,2023-05-18
AAPL,2023-05-19
AAPL,2023-05-20
AAPL,2023-05-21
AAPL,2023-05-22
AAPL,2023-05-23
AAPL,2023-06-12
AAPL,2023-06-13
AAPL,2023-06-14
AAPL,2023-06-15
AAPL,2023-06-16
AAPL,2023-06-17
AAPL,2023-06-18
AAPL,2023-06-19
AAPL,2023-06-20
AAPL,2023-06-21
AAPL,2023-06-22
AAPL,2023-06-23
AAPL,2023-06-24
AAPL,2023-06-25
AAPL,2023-06-26
AAPL,2023-06-27
AAPL,2023-06-28
AAPL,2023-06-29
AAPL,2023-06-30
AAPL,2023-07-01
AAPL,2023-07-02
AAPL,2023-07-03
AAPL,2023-07-04
AAPL,2023-07-12
AAPL,2023-07-13
AAPL,2023-07-14
AAPL,2023-07-15
AAPL,2023-07-16
AAPL,2023-07-17
AAPL,2023-07-18
AAPL,2023-07-19
AAPL,2023-07-20
AAPL,2023-07-21
AAPL,2023-07-22
AAPL,2023-07-23
AAPL,2023-07-24
AAPL,2023-07-25
AAPL,2023-07-27
AAPL,2023-07-28
AAPL,2023-07-29
AAPL,2023-07-30
AAPL,2023-07-31
AAPL,2023-08-01
AAPL,2023-08-02
AAPL,2023-08-16
AAPL,2023-08-17
AAPL,2023-08-18
AAPL,2023-08-19
AAPL,2023-08-20
AAPL,2023-08-21
AAPL,2023-08-22
AAPL,2023-09-11
AAPL,2023-09-12
AAPL,2023-09-13
AAPL,2023-09-14
AAPL,2023-09-15
AAPL,2023-09-16
AAPL,2023-09-17
AAPL,2023-09-18
AAPL,2023-09-19
AAPL,2023-09-20
AAPL,2023-09-21
AAPL,2023-09-22
AAPL,2023-09-23
AAPL,2023-09-24
AAPL,2023-09-25
AAPL,2023-09-26
AAPL,2023-09-27
AAPL,2023-09-28
AAPL,2023-09-29
AAPL,2023-09-30
AAPL,2023-10-01
AAPL,2023-10-02
AAPL,2023-10-03
AAPL,2023-10-11
AAPL,2023-10-12
AAPL,2023-10-13
AAPL,2023-10-14
AAPL,2023-10-15
AAPL,2023-10-16
AAPL,2023-10-17
AAPL,2023-10-18
AAPL,2023-10-19
AAPL,2023-10-20
AAPL,2023-10-21
AAPL,2023-10-22
AAPL,2023-10-23
AAPL,2023-10-24
AAPL,2023-10-25
AAPL,2023-10-26
AAPL,2023-10-27
AAPL,2023-10-28
AAPL,2023-10-29
AAPL,2023-10-30
AAPL,2023-10-31
AAPL,2023-11-01
AAPL,2023-11-14
AAPL,2023-11-15
AAPL,2023-11-16
AAPL,2023-11-17
AAPL,2023-11-18
AAPL,2023-11-19
AAPL,2023-11-20
AAPL,2023-12-18
AAPL,2023-12-19
AAPL,2023-12-20
AAPL,2023-12-21
AAPL,2023-12-22
AAPL,2023-12-23
AAPL,2023-12-24
AAPL,2023-12-25
AAPL,2023-12-26
AAPL,2023-12-27
AAPL,2023-12-28
AAPL,2023-12-29
AAPL,2023-12-30
AAPL,2023-12-31
AAPL,2024-01-01
AAPL,2024-01-02
AAPL,2024-01-15
AAPL,2024-01-16
AAPL,2024-01-17
AAPL,2024-01-18
AAPL,2024-01-19
AAPL,2024-01-20
AAPL,2024-01-21
AAPL,2024-01-22
AAPL,2024-01-23
AAPL,2024-01-24
AAPL,2024-01-25
AAPL,2024-01-26
AAPL,2024-01-27
AAPL,2024-01-28
AAPL,2024-01-29
AAPL,2024-01-30
AAPL,2024-01-31
AAPL,2024-02-14
AAPL,2024-02-15
AAPL,2024-02-16
AAPL,2024-02-17
AAPL,2024-02-18
AAPL,2024-02-19
AAPL,2024-02-20
AAPL,2024-03-17
AAPL,2024-03-18
AAPL,2024-03-19
AAPL,2024-03-20
AAPL,2024-03-21
AAPL,2024-03-22
AAPL,2024-03-23
AAPL,2024-03-24
AAPL,2024-03-25
AAPL,2024-03-26
AAPL,2024-03-27
AAPL,2024-03-28
AAPL,2024-03-29
AAPL,2024-03-30
AAPL,2024-03-31
AAPL,2024-04-01
AAPL,2024-04-02
AAPL,2024-04-15
AAPL,2024-04-16
AAPL,2024-04-17
AAPL,2024-04-18
AAPL,2024-04-19
AAPL,2024-04-20
AAPL,2024-04-21
AAPL,2024-04-22
AAPL,2024-04-23
AAPL,2024-04-24
AAPL,2024-04-25
AAPL,2024-04-26
AAPL,2024-04-27
AAPL,2024-04-28
AAPL,2024-04-29
AAPL,2024-04-30
AAPL,2024-05-01
AAPL,2024-05-15
AAPL,2024-05-16
AAPL,2024-05-17
AAPL,2024-05-18
AAPL,2024-05-19
AAPL,2024-05-20
AAPL,2024-05-21
AAPL,2024-06-16
AAPL,2024-06-17
AAPL,2024-06-18
AAPL,2024-06-19
AAPL,2024-06-20
AAPL,2024-06-21
AAPL,2024-06-22
AAPL,2024-06-23
AAPL,2024-06-24
AAPL,2024-06-25
AAPL,2024-06-26
AAPL,2024-06-27
AAPL,2024-06-28
AAPL,2024-06-29
AAPL,2024-06-30
AAPL,2024-07-01
AAPL,2024-07-02
AAPL,2024-07-16
AAPL,2024-07-17
AAPL,2024-07-18
AAPL,2024-07-19
AAPL,2024-07-20
AAPL,2024-07-21
AAPL,2024-07-22
AAPL,2024-07-23
AAPL,2024-07-24
AAPL,2024-07-25
AAPL,2024-07-26
AAPL,2024-07-27
AAPL,2024-07-28
AAPL,2024-07-29
AAPL,2024-07-30
AAPL,2024-07-31
AAPL,2024-08-21
AAPL,2024-08-22
AAPL,2024-08-23
AAPL,2024-08-24
AAPL,2024-08-25
AAPL,2024-08-26
AAPL,2024-08-27
AAPL,2024-09-16
AAPL,2024-09-17
AAPL,2024-09-18
AAPL,2024-09-19
AAPL,2024-09-20
AAPL,2024-09-21
AAPL,2024-09-22
AAPL,2024-09-23
AAPL,2024-09-24
AAPL,2024-09-25
AAPL,2024-09-26
AAPL,2024-09-27
AAPL,2024-09-28
AAPL,2024-09-29
AAPL,2024-09-30
AAPL,2024-10-01
AAPL,2024-10-14
AAPL,2024-10-15
AAPL,2024-10-16
AAPL,2024-10-17
AAPL,2024-10-18
AAPL,2024-10-19
AAPL,2024-10-20
AAPL,2024-10-21
AAPL,2024-10-22
AAPL,2024-10-23
AAPL,2024-10-24
AAPL,2024-10-25
AAPL,2024-10-26
AAPL,2024-10-27
AAPL,2024-10-28
AAPL,2024-10-29
AAPL,2024-10-30
AAPL,2024-11-13
AAPL,2024-11-14
AAPL,2024-11-15
AAPL,2024-11-16
AAPL,2024-11-17
AAPL,2024-11-18
AAPL,2024-11-19
AAPL,2024-12-23
AAPL,2024-12-24
AAPL,2024-12-25
AAPL,2024-12-26
AAPL,2024-12-27
AAPL,2024-12-28
AAPL,2024-12-29
AAPL,2024-12-30
AAPL,2024-12-31
AAPL,2025-01-01
AAPL,2025-01-02
AAPL,2025-01-03
AAPL,2025-01-04
AAPL,2025-01-05
AAPL,2025-01-06
AAPL,2025-01-07
AAPL,2025-01-20
AAPL,2025-01-21
AAPL,2025-01-22
AAPL,2025-01-23
AAPL,2025-01-24
AAPL,2025-01-25
AAPL,2025-01-26
AAPL,2025-01-27
AAPL,2025-01-28
AAPL,2025-01-29
AAPL,2025-01-30
AAPL,2025-01-31
AAPL,2025-02-01
AAPL,2025-02-02
AAPL,2025-02-03
AAPL,2025-02-04
AAPL,2025-02-05
AAPL,2025-02-19
AAPL,2025-02-20
AAPL,2025-02-21
AAPL,2025-02-22
AAPL,2025-02-23
AAPL,2025-02-24
AAPL,2025-02-25
AMZN,2021-12-19
AMZN,2021-12-20
AMZN,2021-12-21
AMZN,2021-12-22
AMZN,2021-12-23
AMZN,2021-12-24
AMZN,2021-12-25
AMZN,2021-12-26
AMZN,2021-12-27
AMZN,2021-12-28
AMZN,2021-12-29
AMZN,2021-12-30
AMZN,2021-12-31
AMZN,2022-01-01
AMZN,2022-01-02
AMZN,2022-01-03
AMZN,2022-01-04
AMZN,2022-01-10
AMZN,2022-01-11
AMZN,2022-01-12
AMZN,2022-01-13
AMZN,2022-01-14
AMZN,2022-01-15
AMZN,2022-01-16
AMZN,2022-01-17
AMZN,2022-01-18
AMZN,2022-01-19
AMZN,2022-01-20
AMZN,2022-01-21
AMZN,2022-01-22
AMZN,2022-01-23
AMZN,2022-01-24
AMZN,2022-01-25
AMZN,2022-01-26
AMZN,2022-01-27
AMZN,2022-01-28
AMZN,2022-01-29
AMZN,2022-01-30
AMZN,2022-01-31
AMZN,2022-02-01
AMZN,2022-02-02
AMZN,2022-02-09
AMZN,2022-02-10
AMZN,2022-02-11
AMZN,2022-02-12
AMZN,2022-02-13
AMZN,2022-02-14
AMZN,2022-02-15
AMZN,2022-03-14
AMZN,2022-03-15
AMZN,2022-03-16
AMZN,2022-03-17
AMZN,2022-03-18
AMZN,2022-03-19
AMZN,2022-03-20
AMZN,2022-03-21
AMZN,2022-03-22
AMZN,2022-03-23
AMZN,2022-03-24
AMZN,2022-03-25
AMZN,2022-03-26
AMZN,2022-03-27
AMZN,2022-03-28
AMZN,2022-03-29
AMZN,2022-04-13
AMZN,2022-04-14
AMZN,2022-04-15
AMZN,2022-04-16
AMZN,2022-04-17
AMZN,2022-04-18
AMZN,2022-04-19
AMZN,2022-04-20
AMZN,2022-04-21
AMZN,2022-04-22
AMZN,2022-04-23
AMZN,2022-04-24
AMZN,2022-04-25
AMZN,2022-04-26
AMZN,2022-04-27
AMZN,2022-05-18
AMZN,2022-05-19
AMZN,2022-05-20
AMZN,2022-05-21
AMZN,2022-05-22
AMZN,2022-05-23
AMZN,2022-05-24
AMZN,2022-06-13
AMZN,2022-06-14
AMZN,2022-06-15
AMZN,2022-06-16
AMZN,2022-06-17
AMZN,2022-06-18
AMZN,2022-06-19
AMZN,2022-06-20
AMZN,2022-06-21
AMZN,2022-06-22
AMZN,2022-06-23
AMZN,2022-06-24
AMZN,2022-06-25
AMZN,2022-06-26
AMZN,2022-06-27
AMZN,2022-06-28
AMZN,2022-07-13
AMZN,2022-07-14
AMZN,2022-07-15
AMZN,2022-07-16
AMZN,2022-07-17
AMZN,2022-07-18
AMZN,2022-07-19
AMZN,2022-07-20
AMZN,2022-07-21
AMZN,2022-07-22
AMZN,2022-07-23
AMZN,2022-07-24
AMZN,2022-07-25
AMZN,2022-07-26
AMZN,2022-07-27
AMZN,2022-08-17
AMZN,2022-08-18
AMZN,2022-08-19
AMZN,2022-08-20
AMZN,2022-08-21
AMZN,2022-08-22
AMZN,2022-08-23
AMZN,2022-09-12
AMZN,2022-09-13
AMZN,2022-09-14
AMZN,2022-09-15
AMZN,2022-09-16
AMZN,2022-09-17
AMZN,2022-09-18
AMZN,2022-09-19
AMZN,2022-09-20
AMZN,2022-09-21
AMZN,2022-09-22
AMZN,2022-09-23
AMZN,2022-09-24
AMZN,2022-09-25
AMZN,2022-09-26
AMZN,2022-09-27
AMZN,2022-10-10
AMZN,2022-10-11
AMZN,2022-10-12
AMZN,2022-10-13
AMZN,2022-10-14
AMZN,2022-10-15
AMZN,2022-10-16
AMZN,2022-10-17
AMZN,2022-10-18
AMZN,2022-10-19
AMZN,2022-10-20
AMZN,2022-10-21
AMZN,2022-10-22
AMZN,2022-10-23
AMZN,2022-10-24
AMZN,2022-10-25
AMZN,2022-10-26
AMZN,2022-11-09
AMZN,2022-11-10
AMZN,2022-11-11
AMZN,2022-11-12
AMZN,2022-11-13
AMZN,2022-11-14
AMZN,2022-11-15
AMZN,2022-12-18
AMZN,2022-12-19
AMZN,2022-12-20
AMZN,2022-12-21
AMZN,2022-12-22
AMZN,2022-12-23
AMZN,2022-12-24
AMZN,2022-12-25
AMZN,2022-12-26
AMZN,2022-12-27
AMZN,2022-12-28
AMZN,2022-12-29
AMZN,2022-12-30
AMZN,2022-12-31
AMZN,2023-01-01
AMZN,2023-01-02
AMZN,2023-01-03
AMZN,2023-01-16
AMZN,2023-01-17
AMZN,2023-01-18
AMZN,2023-01-19
AMZN,2023-01-20
AMZN,2023-01-21
AMZN,2023-01-22
AMZN,2023-01-23
AMZN,2023-01-24
AMZN,2023-01-25
AMZN,2023-01-26
AMZN,2023-01-27
AMZN,2023-01-28
AMZN,2023-01-29
AMZN,2023-01-30
AMZN,2023-01-31
AMZN,2023-02-01
AMZN,2023-02-15
AMZN,2023-02-16
AMZN,2023-02-17
AMZN,2023-02-18
AMZN,2023-02-19
AMZN,2023-02-20
AMZN,2023-02-21
AMZN,2023-03-13
AMZN,2023-03-14
AMZN,2023-03-15
AMZN,2023-03-16
AMZN,2023-03-17
AMZN,2023-03-18
AMZN,2023-03-19
AMZN,2023-03-20
AMZN,2023-03-21
AMZN,2023-03-22
AMZN,2023-03-23
AMZN,2023-03-24
AMZN,2023-03-25
AMZN,2023-03-26
AMZN,2023-03-27
AMZN,2023-03-28
AMZN,2023-03-29
AMZN,2023-03-30
AMZN,2023-03-31
AMZN,2023-04-01
AMZN,2023-04-02
AMZN,2023-04-03
AMZN,2023-04-04
AMZN,2023-04-12
AMZN,2023-04-13
AMZN,2023-04-14
AMZN,2023-04-15
AMZN,2023-04-16
AMZN,2023-04-17
AMZN,2023-04-18
AMZN,2023-04-19
AMZN,2023-04-20
AMZN,2023-04-21
AMZN,2023-04-22
AMZN,2023-04-23
AMZN,2023-04-24
AMZN,2023-04-25
AMZN,2023-04-26
AMZN,2023-04-27
AMZN,2023-04-28
AMZN,2023-04-29
AMZN,2023-04-30
AMZN,2023-05-01
AMZN,2023-05-02
AMZN,2023-05-03
AMZN,2023-05-17
AMZN,2023-05-18
AMZN,2023-05-19
AMZN,2023-05-20
AMZN,2023-05-21
AMZN,2023-05-22
AMZN,2023-05-23
AMZN,2023-06-12
AMZN,2023-06-13
AMZN,2023-06-14
AMZN,2023-06-15
AMZN,2023-06-16
AMZN,2023-06-17
AMZN,2023-06-18
AMZN,2023-06-19
AMZN,2023-06-20
AMZN,2023-06-21
AMZN,2023-06-22
AMZN,2023-06-23
AMZN,2023-06-24
AMZN,2023-06-25
AMZN,2023-06-26
AMZN,2023-06-27
AMZN,2023-06-28
AMZN,2023-06-29
AMZN,2023-06-30
AMZN,2023-07-01
AMZN,2023-07-02
AMZN,2023-07-03
AMZN,2023-07-04
AMZN,2023-07-12
AMZN,2023-07-13
AMZN,2023-07-14
AMZN,2023-07-15
AMZN,2023-07-16
AMZN,2023-07-17
AMZN,2023-07-18
AMZN,2023-07-19
AMZN,2023-07-20
AMZN,2023-07-21
AMZN,2023-07-22
AMZN,2023-07-23
AMZN,2023-07-24
AMZN,2023-07-25
AMZN,2023-07-27
AMZN,2023-07-28
AMZN,2023-07-29
AMZN,2023-07-30
AMZN,2023-07-31
AMZN,2023-08-01
AMZN,2023-08-02
AMZN,2023-08-16
AMZN,2023-08-17
AMZN,2023-08-18
AMZN,2023-08-19
AMZN,2023-08-20
AMZN,2023-08-21
AMZN,2023-08-22
AMZN,2023-09-11
AMZN,2023-09-12
AMZN,2023-09-13
AMZN,2023-09-14
AMZN,2023-09-15
AMZN,2023-09-16
AMZN,2023-09-17
AMZN,2023-09-18
AMZN,2023-09-19
AMZN,2023-09-20
AMZN,2023-09-21
AMZN,2023-09-22
AMZN,2023-09-23
AMZN,2023-09-24
AMZN,2023-09-25
AMZN,2023-09-26
AMZN,2023-09-27
AMZN,2023-09-28
AMZN,2023-09-29
AMZN,2023-09-30
AMZN,2023-10-01
AMZN,2023-10-02
AMZN,2023-10-03
AMZN,2023-10-11
AMZN,2023-10-12
AMZN,2023-10-13
AMZN,2023-10-14
AMZN,2023-10-15
AMZN,2023-10-16
AMZN,2023-10-17
AMZN,2023-10-18
AMZN,2023-10-19
AMZN,2023-10-20
AMZN,2023-10-21
AMZN,2023-10-22
AMZN,2023-10-23
AMZN,2023-10-24
AMZN,2023-10-25
AMZN,2023-10-26
AMZN,2023-10-27
AMZN,2023-10-28
AMZN,2023-10-29
AMZN,2023-10-30
AMZN,2023-10-31
AMZN,2023-11-01
AMZN,2023-11-14
AMZN,2023-11-15
AMZN,2023-11-16
AMZN,2023-11-17
AMZN,2023-11-18
AMZN,2023-11-19
AMZN,2023-11-20
AMZN,2023-12-18
AMZN,2023-12-19
AMZN,2023-12-20
AMZN,2023-12-21
AMZN,2023-12-22
AMZN,2023-12-23
AMZN,2023-12-24
AMZN,2023-12-25
AMZN,2023-12-26
AMZN,2023-12-27
AMZN,2023-12-28
AMZN,2023-12-29
AMZN,2023-12-30
AMZN,2023-12-31
AMZN,2024-01-01
AMZN,2024-01-02
AMZN,2024-01-15
AMZN,2024-01-16
AMZN,2024-01-17
AMZN,2024-01-18
AMZN,2024-01-19
AMZN,2024-01-20
AMZN,2024-01-21
AMZN,2024-01-22
AMZN,2024-01-23
AMZN,2024-01-24
AMZN,2024-01-25
AMZN,2024-01-26
AMZN,2024-01-27
AMZN,2024-01-28
AMZN,2024-01-29
AMZN,2024-01-30
AMZN,2024-01-31
AMZN,2024-02-14
AMZN,2024-02-15
AMZN,2024-02-16
AMZN,2024-02-17
AMZN,2024-02-18
AMZN,2024-02-19
AMZN,2024-02-20
AMZN,2024-03-17
AMZN,2024-03-18
AMZN,2024-03-19
AMZN,2024-03-20
AMZN,2024-03-21
AMZN,2024-03-22
AMZN,2024-03-23
AMZN,2024-03-24
AMZN,2024-03-25
AMZN,2024-03-26
AMZN,2024-03-27
AMZN,2024-03-28
AMZN,2024-03-29
AMZN,2024-03-30
AMZN,2024-03-31
AMZN,2024-04-01
AMZN,2024-04-02
AMZN,2024-04-15
AMZN,2024-04-16
AMZN,2024-04-17
AMZN,2024-04-18
AMZN,2024-04-19
AMZN,2024-04-20
AMZN,2024-04-21
AMZN,2024-04-22
AMZN,2024-04-23
AMZN,2024-04-24
AMZN,2024-04-25
AMZN,2024-04-26
AMZN,2024-04-27
AMZN,2024-04-28
AMZN,2024-04-29
AMZN,2024-04-30
AMZN,2024-05-01
AMZN,2024-05-15
AMZN,2024-05-16
AMZN,2024-05-17
AMZN,2024-05-18
AMZN,2024-05-19
AMZN,2024-05-20
AMZN,2024-05-21
AMZN,2024-06-16
AMZN,2024-06-17
AMZN,2024-06-18
AMZN,2024-06-19
AMZN,2024-06-20
AMZN,2024-06-21
AMZN,2024-06-22
AMZN,2024-06-23
AMZN,2024-06-24
AMZN,2024-06-25
AMZN,2024-06-26
AMZN,2024-06-27
AMZN,2024-06-28
AMZN,2024-06-29
AMZN,2024-06-30
AMZN,2024-07-01
AMZN,2024-07-02
AMZN,2024-07-16
AMZN,2024-07-17
AMZN,2024-07-18
AMZN,2024-07-19
AMZN,2024-07-20
AMZN,2024-07-21
AMZN,2024-07-22
AMZN,2024-07-23
AMZN,2024-07-24
AMZN,2024-07-25
AMZN,2024-07-26
AMZN,2024-07-27
AMZN,2024-07-28
AMZN,2024-07-29
AMZN,2024-07-30
AMZN,2024-07-31
AMZN,2024-08-21
AMZN,2024-08-22
AMZN,2024-08-23
AMZN,2024-08-24
AMZN,2024-08-25
AMZN,2024-08-26
AMZN,2024-08-27
AMZN,2024-09-16
AMZN,2024-09-17
AMZN,2024-09-18
AMZN,2024-09-19
AMZN,2024-09-20
AMZN,2024-09-21
AMZN,2024-09-22
AMZN,2024-09-23
AMZN,2024-09-24
AMZN,2024-09-25
AMZN,2024-09-26
AMZN,2024-09-27
AMZN,2024-09-28
AMZN,2024-09-29
AMZN,2024-09-30
AMZN,2024-10-01
AMZN,2024-10-14
AMZN,2024-10-15
AMZN,2024-10-16
AMZN,2024-10-17
AMZN,2024-10-18
AMZN,2024-10-19
AMZN,2024-10-20
AMZN,2024-10-21
AMZN,2024-10-22
AMZN,2024-10-23
AMZN,2024-10-24
AMZN,2024-10-25
AMZN,2024-10-26
AMZN,2024-10-27
AMZN,2024-10-28
AMZN,2024-10-29
AMZN,2024-10-30
AMZN,2024-11-13
AMZN,2024-11-14
AMZN,2024-11-15
AMZN,2024-11-16
AMZN,2024-11-17
AMZN,2024-11-18
AMZN,2024-11-19
AMZN,2024-12-23
AMZN,2024-12-24
AMZN,2024-12-25
AMZN,2024-12-26
AMZN,2024-12-27
AMZN,2024-12-28
AMZN,2024-12-29
AMZN,2024-12-30
AMZN,2024-12-31
AMZN,2025-01-01
AMZN,2025-01-02
AMZN,2025-01-03
AMZN,2025-01-04
AMZN,2025-01-05
AMZN,2025-01-06
AMZN,2025-01-07
AMZN,2025-01-20
AMZN,2025-01-21
AMZN,2025-01-22
AMZN,2025-01-23
AMZN,2025-01-24
AMZN,2025-01-25
AMZN,2025-01-26
AMZN,2025-01-27
AMZN,2025-01-28
AMZN,2025-01-29
AMZN,2025-01-30
AMZN,2025-01-31
AMZN,2025-02-01
AMZN,2025-02-02
AMZN,2025-02-03
AMZN,2025-02-04
AMZN,2025-02-05
AMZN,2025-02-19
AMZN,2025-02-20
AMZN,2025-02-21
AMZN,2025-02-22
AMZN,2025-02-23
AMZN,2025-02-24
AMZN,2025-02-25
GOOGL,2021-12-19
GOOGL,2021-12-20
GOOGL,2021-12-21
GOOGL,2021-12-22
GOOGL,2021-12-23
GOOGL,2021-12-24
GOOGL,2021-12-25
GOOGL,2021-12-26
GOOGL,2021-12-27
GOOGL,2021-12-28
GOOGL,2021-12-29
GOOGL,2021-12-30
GOOGL,2021-12-31
GOOGL,2022-01-01
GOOGL,2022-01-02
GOOGL,2022-01-03
GOOGL,2022-01-04
GOOGL,2022-01-10
GOOGL,2022-01-11
GOOGL,2022-01-12
GOOGL,2022-01-13
GOOGL,2022-01-14
GOOGL,2022-01-15
GOOGL,2022-01-16
GOOGL,2022-01-17
GOOGL,2022-01-18
GOOGL,2022-01-19
GOOGL,2022-01-20
GOOGL,2022-01-21
GOOGL,2022-01-22
GOOGL,2022-01-23
GOOGL,2022-01-24
GOOGL,2022-01-25
GOOGL,2022-01-26
GOOGL,2022-01-27
GOOGL,2022-01-28
GOOGL,2022-01-29
GOOGL,2022-01-30
GOOGL,2022-01-31
GOOGL,2022-02-01
GOOGL,2022-02-02
GOOGL,2022-02-09
GOOGL,2022-02-10
GOOGL,2022-02-11
GOOGL,2022-02-12
GOOGL,2022-02-13
GOOGL,2022-02-14
GOOGL,2022-02-15
GOOGL,2022-03-14
GOOGL,2022-03-15
GOOGL,2022-03-16
GOOGL,2022-03-17
GOOGL,2022-03-18
GOOGL,2022-03-19
GOOGL,2022-03-20
GOOGL,2022-03-21
GOOGL,2022-03-22
GOOGL,2022-03-23
GOOGL,2022-03-24
GOOGL,2022-03-25
GOOGL,2022-03-26
GOOGL,2022-03-27
GOOGL,2022-03-28
GOOGL,2022-03-29
GOOGL,2022-04-13
GOOGL,2022-04-14
GOOGL,2022-04-15
GOOGL,2022-04-16
GOOGL,2022-04-17
GOOGL,2022-04-18
GOOGL,2022-04-19
GOOGL,2022-04-20
GOOGL,2022-04-21
GOOGL,2022-04-22
GOOGL,2022-04-23
GOOGL,2022-04-24
GOOGL,2022-04-25
GOOGL,2022-04-26
GOOGL,2022-04-27
GOOGL,2022-05-18
GOOGL,2022-05-19
GOOGL,2022-05-20
GOOGL,2022-05-21
GOOGL,2022-05-22
GOOGL,2022-05-23
GOOGL,2022-05-24
GOOGL,2022-06-13
GOOGL,2022-06-14
GOOGL,2022-06-15
GOOGL,2022-06-16
GOOGL,2022-06-17
GOOGL,2022-06-18
GOOGL,2022-06-19
GOOGL,2022-06-20
GOOGL,2022-06-21
GOOGL,2022-06-22
GOOGL,2022-06-23
GOOGL,2022-06-24
GOOGL,2022-06-25
GOOGL,2022-06-26
GOOGL,2022-06-27
GOOGL,2022-06-28
GOOGL,2022-07-13
GOOGL,2022-07-14
GOOGL,2022-07-15
GOOGL,2022-07-16
GOOGL,2022-07-17
GOOGL,2022-07-18
GOOGL,2022-07-19
GOOGL,2022-07-20
GOOGL,2022-07-21
GOOGL,2022-07-22
GOOGL,2022-07-23
GOOGL,2022-07-24
GOOGL,2022-07-25
GOOGL,2022-07-26
GOOGL,2022-07-27
GOOGL,2022-08-17
GOOGL,2022-08-18
GOOGL,2022-08-19
GOOGL,2022-08-20
GOOGL,2022-08-21
GOOGL,2022-08-22
GOOGL,2022-08-23
GOOGL,2022-09-12
GOOGL,2022-09-13
GOOGL,2022-09-14
GOOGL,2022-09-15
GOOGL,2022-09-16
GOOGL,2022-09-17
GOOGL,2022-09-18
GOOGL,2022-09-19
GOOGL,2022-09-20
GOOGL,2022-09-21
GOOGL,2022-09-22
GOOGL,2022-09-23
GOOGL,2022-09-24
GOOGL,2022-09-25
GOOGL,2022-09-26
GOOGL,2022-09-27
GOOGL,2022-10-10
GOOGL,2022-10-11
GOOGL,2022-10-12
GOOGL,2022-10-13
GOOGL,2022-10-14
GOOGL,2022-10-15
GOOGL,2022-10-16
GOOGL,2022-10-17
GOOGL,2022-10-18
GOOGL,2022-10-19
GOOGL,2022-10-20
GOOGL,2022-10-21
GOOGL,2022-10-22
GOOGL,2022-10-23
GOOGL,2022-10-24
GOOGL,2022-10-25
GOOGL,2022-10-26
GOOGL,2022-11-09
GOOGL,2022-11-10
GOOGL,2022-11-11
GOOGL,2022-11-12
GOOGL,2022-11-13
GOOGL,2022-11-14
GOOGL,2022-11-15
GOOGL,2022-12-18
GOOGL,2022-12-19
GOOGL,2022-12-20
GOOGL,2022-12-21
GOOGL,2022-12-22
GOOGL,2022-12-23
GOOGL,2022-12-24
GOOGL,2022-12-25
GOOGL,2022-12-26
GOOGL,2022-12-27
GOOGL,2022-12-28
GOOGL,2022-12-29
GOOGL,2022-12-30
GOOGL,2022-12-31
GOOGL,2023-01-01
GOOGL,2023-01-02
GOOGL,2023-01-03
GOOGL,2023-01-16
GOOGL,2023-01-17
GOOGL,2023-01-18
GOOGL,2023-01-19
GOOGL,2023-01-20
GOOGL,2023-01-21
GOOGL,2023-01-22
GOOGL,2023-01-23
GOOGL,2023-01-24
GOOGL,2023-01-25
GOOGL,2023-01-26
GOOGL,2023-01-27
GOOGL,2023-01-28
GOOGL,2023-01-29
GOOGL,2023-01-30
GOOGL,2023-01-31
GOOGL,2023-02-01
GOOGL,2023-02-15
GOOGL,2023-02-16
GOOGL,2023-02-17
GOOGL,2023-02-18
GOOGL,2023-02-19
GOOGL,2023-02-20
GOOGL,2023-02-21
GOOGL,2023-03-13
GOOGL,2023-03-14
GOOGL,2023-03-15
GOOGL,2023-03-16
GOOGL,2023-03-17
GOOGL,2023-03-18
GOOGL,2023-03-19
GOOGL,2023-03-20
GOOGL,2023-03-21
GOOGL,2023-03-22
GOOGL,2023-03-23
GOOGL,2023-03-24
GOOGL,2023-03-25
GOOGL,2023-03-26
GOOGL,2023-03-27
GOOGL,2023-03-28
GOOGL,2023-03-29
GOOGL,2023-03-30
GOOGL,2023-03-31
GOOGL,2023-04-01
GOOGL,2023-04-02
GOOGL,2023-04-03
GOOGL,2023-04-04
GOOGL,2023-04-12
GOOGL,2023-04-13
GOOGL,2023-04-14
GOOGL,2023-04-15
GOOGL,2023-04-16
GOOGL,2023-04-17
GOOGL,2023-04-18
GOOGL,2023-04-19
GOOGL,2023-04-20
GOOGL,2023-04-21
GOOGL,2023-04-22
GOOGL,2023-04-23
GOOGL,2023-04-24
GOOGL,2023-04-25
GOOGL,2023-04-26
GOOGL,2023-04-27
GOOGL,2023-04-28
GOOGL,2023-04-29
GOOGL,2023-04-30
GOOGL,2023-05-01
GOOGL,2023-05-02
GOOGL,2023-05-03
GOOGL,2023-05-17
GOOGL,2023-05-18
GOOGL,2023-05-19
GOOGL,2023-05-20
GOOGL,2023-05-21
GOOGL,2023-05-22
GOOGL,2023-05-23
GOOGL,2023-06-12
GOOGL,2023-06-13
GOOGL,2023-06-14
GOOGL,2023-06-15
GOOGL,2023-06-16
GOOGL,2023-06-17
GOOGL,2023-06-18
GOOGL,2023-06-19
GOOGL,2023-06-20
GOOGL,2023-06-21
GOOGL,2023-06-22
GOOGL,2023-06-23
GOOGL,2023-06-24
GOOGL,2023-06-25
GOOGL,2023-06-26
GOOGL,2023-06-27
GOOGL,2023-06-28
GOOGL,2023-06-29
GOOGL,2023-06-30
GOOGL,2023-07-01
GOOGL,2023-07-02
GOOGL,2023-07-03
GOOGL,2023-07-04
GOOGL,2023-07-12
GOOGL,2023-07-13
GOOGL,2023-07-14
GOOGL,2023-07-15
GOOGL,2023-07-16
GOOGL,2023-07-17
GOOGL,2023-07-18
GOOGL,2023-07-19
GOOGL,2023-07-20
GOOGL,2023-07-21
GOOGL,2023-07-22
GOOGL,2023-07-23
GOOGL,2023-07-24
GOOGL,2023-07-25
GOOGL,2023-07-27
GOOGL,2023-07-28
GOOGL,2023-07-29
GOOGL,2023-07-30
GOOGL,2023-07-31
GOOGL,2023-08-01
GOOGL,2023-08-02
GOOGL,2023-08-16
GOOGL,2023-08-17
GOOGL,2023-08-18
GOOGL,2023-08-19
GOOGL,2023-08-20
GOOGL,2023-08-21
GOOGL,2023-08-22
GOOGL,2023-09-11
GOOGL,2023-09-12
GOOGL,2023-09-13
GOOGL,2023-09-14
GOOGL,2023-09-15
GOOGL,2023-09-16
GOOGL,2023-09-17
GOOGL,2023-09-18
GOOGL,2023-09-19
GOOGL,2023-09-20
GOOGL,2023-09-21
GOOGL,2023-09-22
GOOGL,2023-09-23
GOOGL,2023-09-24
GOOGL,2023-09-25
GOOGL,2023-09-26
GOOGL,2023-09-27
GOOGL,2023-09-28
GOOGL,2023-09-29
GOOGL,2023-09-30
GOOGL,2023-10-01
GOOGL,2023-10-02
GOOGL,2023-10-03
GOOGL,2023-10-11
GOOGL,2023-10-12
GOOGL,2023-10-13
GOOGL,2023-10-14
GOOGL,2023-10-15
GOOGL,2023-10-16
GOOGL,2023-10-17
GOOGL,2023-10-18
GOOGL,2023-10-19
GOOGL,2023-10-20
GOOGL,2023-10-21
GOOGL,2023-10-22
GOOGL,2023-10-23
GOOGL,2023-10-24
GOOGL,2023-10-25
GOOGL,2023-10-26
GOOGL,2023-10-27
GOOGL,2023-10-28
GOOGL,2023-10-29
GOOGL,2023-10-30
GOOGL,2023-10-31
GOOGL,2023-11-01
GOOGL,2023-11-14
GOOGL,2023-11-15
GOOGL,2023-11-16
GOOGL,2023-11-17
GOOGL,2023-11-18
GOOGL,2023-11-19
GOOGL,2023-11-20
GOOGL,2023-12-18
GOOGL,2023-12-19
GOOGL,2023-12-20
GOOGL,2023-12-21
GOOGL,2023-12-22
GOOGL,2023-12-23
GOOGL,2023-12-24
GOOGL,2023-12-25
GOOGL,2023-12-26
GOOGL,2023-12-27
GOOGL,2023-12-28
GOOGL,2023-12-29
GOOGL,2023-12-30
GOOGL,2023-12-31
GOOGL,2024-01-01
GOOGL,2024-01-02
GOOGL,2024-01-15
GOOGL,2024-01-16
GOOGL,2024-01-17
GOOGL,2024-01-18
GOOGL,2024-01-19
GOOGL,2024-01-20
GOOGL,2024-01-21
GOOGL,2024-01-22
GOOGL,2024-01-23
GOOGL,2024-01-24
GOOGL,2024-01-25
GOOGL,2024-01-26
GOOGL,2024-01-27
GOOGL,2024-01-28
GOOGL,2024-01-29
GOOGL,2024-01-30
GOOGL,2024-01-31
GOOGL,2024-02-14
GOOGL,2024-02-15
GOOGL,2024-02-16
GOOGL,2024-02-17
GOOGL,2024-02-18
GOOGL,2024-02-19
GOOGL,2024-02-20
GOOGL,2024-03-17
GOOGL,2024-03-18
GOOGL,2024-03-19
GOOGL,2024-03-20
GOOGL,2024-03-21
GOOGL,2024-03-22
GOOGL,2024-03-23
GOOGL,2024-03-24
GOOGL,2024-03-25
GOOGL,2024-03-26
GOOGL,2024-03-27
GOOGL,2024-03-28
GOOGL,2024-03-29
GOOGL,2024-03-30
GOOGL,2024-03-31
GOOGL,2024-04-01
GOOGL,2024-04-02
GOOGL,2024-04-15
GOOGL,2024-04-16
GOOGL,2024-04-17
GOOGL,2024-04-18
GOOGL,2024-04-19
GOOGL,2024-04-20
GOOGL,2024-04-21
GOOGL,2024-04-22
GOOGL,2024-04-23
GOOGL,2024-04-24
GOOGL,2024-04-25
GOOGL,2024-04-26
GOOGL,2024-04-27
GOOGL,2024-04-28
GOOGL,2024-04-29
GOOGL,2024-04-30
GOOGL,2024-05-01
GOOGL,2024-05-15
GOOGL,2024-05-16
GOOGL,2024-05-17
GOOGL,2024-05-18
GOOGL,2024-05-19
GOOGL,2024-05-20
GOOGL,2024-05-21
GOOGL,2024-06-16
GOOGL,2024-06-17
GOOGL,2024-06-18
GOOGL,2024-06-19
GOOGL,2024-06-20
GOOGL,2024-06-21
GOOGL,2024-06-22
GOOGL,2024-06-23
GOOGL,2024-06-24
GOOGL,2024-06-25
GOOGL,2024-06-26
GOOGL,2024-06-27
GOOGL,2024-06-28
GOOGL,2024-06-29
GOOGL,2024-06-30
GOOGL,2024-07-01
GOOGL,2024-07-02
GOOGL,2024-07-16
GOOGL,2024-07-17
GOOGL,2024-07-18
GOOGL,2024-07-19
GOOGL,2024-07-20
GOOGL,2024-07-21
GOOGL,2024-07-22
GOOGL,2024-07-23
GOOGL,2024-07-24
GOOGL,2024-07-25
GOOGL,2024-07-26
GOOGL,2024-07-27
GOOGL,2024-07-28
GOOGL,2024-07-29
GOOGL,2024-07-30
GOOGL,2024-07-31
GOOGL,2024-08-21
GOOGL,2024-08-22
GOOGL,2024-08-23
GOOGL,2024-08-24
GOOGL,2024-08-25
GOOGL,2024-08-26
GOOGL,2024-08-27
GOOGL,2024-09-16
GOOGL,2024-09-17
GOOGL,2024-09-18
GOOGL,2024-09-19
GOOGL,2024-09-20
GOOGL,2024-09-21
GOOGL,2024-09-22
GOOGL,2024-09-23
GOOGL,2024-09-24
GOOGL,2024-09-25
GOOGL,2024-09-26
GOOGL,2024-09-27
GOOGL,2024-09-28
GOOGL,2024-09-29
GOOGL,2024-09-30
GOOGL,2024-10-01
GOOGL,2024-10-14
GOOGL,2024-10-15
GOOGL,2024-10-16
GOOGL,2024-10-17
GOOGL,2024-10-18
GOOGL,2024-10-19
GOOGL,2024-10-20
GOOGL,2024-10-21
GOOGL,2024-10-22
GOOGL,2024-10-23
GOOGL,2024-10-24
GOOGL,2024-10-25
GOOGL,2024-10-26
GOOGL,2024-10-27
GOOGL,2024-10-28
GOOGL,2024-10-29
GOOGL,2024-10-30
GOOGL,2024-11-13
GOOGL,2024-11-14
GOOGL,2024-11-15
GOOGL,2024-11-16
GOOGL,2024-11-17
GOOGL,2024-11-18
GOOGL,2024-11-19
GOOGL,2024-12-23
GOOGL,2024-12-24
GOOGL,2024-12-25
GOOGL,2024-12-26
GOOGL,2024-12-27
GOOGL,2024-12-28
GOOGL,2024-12-29
GOOGL,2024-12-30
GOOGL,2024-12-31
GOOGL,2025-01-01
GOOGL,2025-01-02
GOOGL,2025-01-03
GOOGL,2025-01-04
GOOGL,2025-01-05
GOOGL,2025-01-06
GOOGL,2025-01-07
GOOGL,2025-01-20
GOOGL,2025-01-21
GOOGL,2025-01-22
GOOGL,2025-01-23
GOOGL,2025-01-24
GOOGL,2025-01-25
GOOGL,2025-01-26
GOOGL,2025-01-27
GOOGL,2025-01-28
GOOGL,2025-01-29
GOOGL,2025-01-30
GOOGL,2025-01-31
GOOGL,2025-02-01
GOOGL,2025-02-02
GOOGL,2025-02-03
GOOGL,2025-02-04
GOOGL,2025-02-05
GOOGL,2025-02-19
GOOGL,2025-02-20
GOOGL,2025-02-21
GOOGL,2025-02-22
GOOGL,2025-02-23
GOOGL,2025-02-24
GOOGL,2025-02-25
META,2021-12-19
META,2021-12-20
META,2021-12-21
META,2021-12-22
META,2021-12-23
META,2021-12-24
META,2021-12-25
META,2021-12-26
META,2021-12-27
META,2021-12-28
META,2021-12-29
META,2021-12-30
META,2021-12-31
META,2022-01-01
META,2022-01-02
META,2022-01-03
META,2022-01-04
META,2022-01-10
META,2022-01-11
META,2022-01-12
META,2022-01-13
META,2022-01-14
META,2022-01-15
META,2022-01-16
META,2022-01-17
META,2022-01-18
META,2022-01-19
META,2022-01-20
META,2022-01-21
META,2022-01-22
META,2022-01-23
META,2022-01-24
META,2022-01-25
META,2022-01-26
META,2022-01-27
META,2022-01-28
META,2022-01-29
META,2022-01-30
META,2022-01-31
META,2022-02-01
META,2022-02-02
META,2022-02-09
META,2022-02-10
META,2022-02-11
META,2022-02-12
META,2022-02-13
META,2022-02-14
META,2022-02-15
META,2022-03-14
META,2022-03-15
META,2022-03-16
META,2022-03-17
META,2022-03-18
META,2022-03-19
META,2022-03-20
META,2022-03-21
META,2022-03-22
META,2022-03-23
META,2022-03-24
META,2022-03-25
META,2022-03-26
META,2022-03-27
META,2022-03-28
META,2022-03-29
META,2022-04-13
META,2022-04-14
META,2022-04-15
META,2022-04-16
META,2022-04-17
META,2022-04-18
META,2022-04-19
META,2022-04-20
META,2022-04-21
META,2022-04-22
META,2022-04-23
META,2022-04-24
META,2022-04-25
META,2022-04-26
META,2022-04-27
META,2022-05-18
META,2022-05-19
META,2022-05-20
META,2022-05-21
META,2022-05-22
META,2022-05-23
META,2022-05-24
META,2022-06-13
META,2022-06-14
META,2022-06-15
META,2022-06-16
META,2022-06-17
META,2022-06-18
META,2022-06-19
META,2022-06-20
META,2022-06-21
META,2022-06-22
META,2022-06-23
META,2022-06-24
META,2022-06-25
META,2022-06-26
META,2022-06-27
META,2022-06-28
META,2022-07-13
META,2022-07-14
META,2022-07-15
META,2022-07-16
META,2022-07-17
META,2022-07-18
META,2022-07-19
META,2022-07-20
META,2022-07-21
META,2022-07-22
META,2022-07-23
META,2022-07-24
META,2022-07-25
META,2022-07-26
META,2022-07-27
META,2022-08-17
META,2022-08-18
META,2022-08-19
META,2022-08-20
META,2022-08-21
META,2022-08-22
META,2022-08-23
META,2022-09-12
META,2022-09-13
META,2022-09-14
META,2022-09-15
META,2022-09-16
META,2022-09-17
META,2022-09-18
META,2022-09-19
META,2022-09-20
META,2022-09-21
META,2022-09-22
META,2022-09-23
META,2022-09-24
META,2022-09-25
META,2022-09-26
META,2022-09-27
META,2022-10-10
META,2022-10-11
META,2022-10-12
META,2022-10-13
META,2022-10-14
META,2022-10-15
META,2022-10-16
META,2022-10-17
META,2022-10-18
META,2022-10-19
META,2022-10-20
META,2022-10-21
META,2022-10-22
META,2022-10-23
META,2022-10-24
META,2022-10-25
META,2022-10-26
META,2022-11-09
META,2022-11-10
META,2022-11-11
META,2022-11-12
META,2022-11-13
META,2022-11-14
META,2022-11-15
META,2022-12-18
META,2022-12-19
META,2022-12-20
META,2022-12-21
META,2022-12-22
META,2022-12-23
META,2022-12-24
META,2022-12-25
META,2022-12-26
META,2022-12-27
META,2022-12-28
META,2022-12-29
META,2022-12-30
META,2022-12-31
META,2023-01-01
META,2023-01-02
META,2023-01-03
META,2023-01-16
META,2023-01-17
META,2023-01-18
META,2023-01-19
META,2023-01-20
META,2023-01-21
META,2023-01-22
META,2023-01-23
META,2023-01-24
META,2023-01-25
META,2023-01-26
META,2023-01-27
META,2023-01-28
META,2023-01-29
META,2023-01-30
META,2023-01-31
META,2023-02-01
META,2023-02-15
META,2023-02-16
META,2023-02-17
META,2023-02-18
META,2023-02-19
META,2023-02-20
META,2023-02-21
META,2023-03-13
META,2023-03-14
META,2023-03-15
META,2023-03-16
META,2023-03-17
META,2023-03-18
META,2023-03-19
META,2023-03-20
META,2023-03-21
META,2023-03-22
META,2023-03-23
META,2023-03-24
META,2023-03-25
META,2023-03-26
META,2023-03-27
META,2023-03-28
META,2023-03-29
META,2023-03-30
META,2023-03-31
META,2023-04-01
META,2023-04-02
META,2023-04-03
META,2023-04-04
META,2023-04-12
META,2023-04-13
META,2023-04-14
META,2023-04-15
META,2023-04-16
META,2023-04-17
META,2023-04-18
META,2023-04-19
META,2023-04-20
META,2023-04-21
META,2023-04-22
META,2023-04-23
META,2023-04-24
META,2023-04-25
META,2023-04-26
META,2023-04-27
META,2023-04-28
META,2023-04-29
META,2023-04-30
META,2023-05-01
META,2023-05-02
META,2023-05-03
META,2023-05-17
META,2023-05-18
META,2023-05-19
META,2023-05-20
META,2023-05-21
META,2023-05-22
META,2023-05-23
META,2023-06-12
META,2023-06-13
META,2023-06-14
META,2023-06-15
META,2023-06-16
META,2023-06-17
META,2023-06-18
META,2023-06-19
META,2023-06-20
META,2023-06-21
META,2023-06-22
META,2023-06-23
META,2023-06-24
META,2023-06-25
META,2023-06-26
META,2023-06-27
META,2023-06-28
META,2023-06-29
META,2023-06-30
META,2023-07-01
META,2023-07-02
META,2023-07-03
META,2023-07-04
META,2023-07-12
META,2023-07-13
META,2023-07-14
META,2023-07-15
META,2023-07-16
META,2023-07-17
META,2023-07-18
META,2023-07-19
META,2023-07-20
META,2023-07-21
META,2023-07-22
META,2023-07-23
META,2023-07-24
META,2023-07-25
META,2023-07-27
META,2023-07-28
META,2023-07-29
META,2023-07-30
META,2023-07-31
META,2023-08-01
META,2023-08-02
META,2023-08-16
META,2023-08-17
META,2023-08-18
META,2023-08-19
META,2023-08-20
META,2023-08-21
META,2023-08-22
META,2023-09-11
META,2023-09-12
META,2023-09-13
META,2023-09-14
META,2023-09-15
META,2023-09-16
META,2023-09-17
META,2023-09-18
META,2023-09-19
META,2023-09-20
META,2023-09-21
META,2023-09-22
META,2023-09-23
META,2023-09-24
META,2023-09-25
META,2023-09-26
META,2023-09-27
META,2023-09-28
META,2023-09-29
META,2023-09-30
META,2023-10-01
META,2023-10-02
META,2023-10-03
META,2023-10-11
META,2023-10-12
META,2023-10-13
META,2023-10-14
META,2023-10-15
META,2023-10-16
META,2023-10-17
META,2023-10-18
META,2023-10-19
META,2023-10-20
META,2023-10-21
META,2023-10-22
META,2023-10-23
META,2023-10-24
META,2023-10-25
META,2023-10-26
META,2023-10-27
META,2023-10-28
META,2023-10-29
META,2023-10-30
META,2023-10-31
META,2023-11-01
META,2023-11-14
META,2023-11-15
META,2023-11-16
META,2023-11-17
META,2023-11-18
META,2023-11-19
META,2023-11-20
META,2023-12-18
META,2023-12-19
META,2023-12-20
META,2023-12-21
META,2023-12-22
META,2023-12-23
META,2023-12-24
META,2023-12-25
META,2023-12-26
META,2023-12-27
META,2023-12-28
META,2023-12-29
META,2023-12-30
META,2023-12-31
META,2024-01-01
META,2024-01-02
META,2024-01-15
META,2024-01-16
META,2024-01-17
META,2024-01-18
META,2024-01-19
META,2024-01-20
META,2024-01-21
META,2024-01-22
META,2024-01-23
META,2024-01-24
META,2024-01-25
META,2024-01-26
META,2024-01-27
META,2024-01-28
META,2024-01-29
META,2024-01-30
META,2024-01-31
META,2024-02-14
META,2024-02-15
META,2024-02-16
META,2024-02-17
META,2024-02-18
META,2024-02-19
META,2024-02-20
META,2024-03-17
META,2024-03-18
META,2024-03-19
META,2024-03-20
META,2024-03-21
META,2024-03-22
META,2024-03-23
META,2024-03-24
META,2024-03-25
META,2024-03-26
META,2024-03-27
META,2024-03-28
META,2024-03-29
META,2024-03-30
META,2024-03-31
META,2024-04-01
META,2024-04-02
META,2024-04-15
META,2024-04-16
META,2024-04-17
META,2024-04-18
META,2024-04-19
META,2024-04-20
META,2024-04-21
META,2024-04-22
META,2024-04-23
META,2024-04-24
META,2024-04-25
META,2024-04-26
META,2024-04-27
META,2024-04-28
META,2024-04-29
META,2024-04-30
META,2024-05-01
META,2024-05-15
META,2024-05-16
META,2024-05-17
META,2024-05-18
META,2024-05-19
META,2024-05-20
META,2024-05-21
META,2024-06-16
META,2024-06-17
META,2024-06-18
META,2024-06-19
META,2024-06-20
META,2024-06-21
META,2024-06-22
META,2024-06-23
META,2024-06-24
META,2024-06-25
META,2024-06-26
META,2024-06-27
META,2024-06-28
META,2024-06-29
META,2024-06-30
META,2024-07-01
META,2024-07-02
META,2024-07-16
META,2024-07-17
META,2024-07-18
META,2024-07-19
META,2024-07-20
META,2024-07-21
META,2024-07-22
META,2024-07-23
META,2024-07-24
META,2024-07-25
META,2024-07-26
META,2024-07-27
META,2024-07-28
META,2024-07-29
META,2024-07-30
META,2024-07-31
META,2024-08-21
META,2024-08-22
META,2024-08-23
META,2024-08-24
META,2024-08-25
META,2024-08-26
META,2024-08-27
META,2024-09-16
META,2024-09-17
META,2024-09-18
META,2024-09-19
META,2024-09-20
META,2024-09-21
META,2024-09-22
META,2024-09-23
META,2024-09-24
META,2024-09-25
META,2024-09-26
META,2024-09-27
META,2024-09-28
META,2024-09-29
META,2024-09-30
META,2024-10-01
META,2024-10-14
META,2024-10-15
META,2024-10-16
META,2024-10-17
META,2024-10-18
META,2024-10-19
META,2024-10-20
META,2024-10-21
META,2024-10-22
META,2024-10-23
META,2024-10-24
META,2024-10-25
META,2024-10-26
META,2024-10-27
META,2024-10-28
META,2024-10-29
META,2024-10-30
META,2024-11-13
META,2024-11-14
META,2024-11-15
META,2024-11-16
META,2024-11-17
META,2024-11-18
META,2024-11-19
META,2024-12-23
META,2024-12-24
META,2024-12-25
META,2024-12-26
META,2024-12-27
META,2024-12-28
META,2024-12-29
META,2024-12-30
META,2024-12-31
META,2025-01-01
META,2025-01-02
META,2025-01-03
META,2025-01-04
META,2025-01-05
META,2025-01-06
META,2025-01-07
META,2025-01-20
META,2025-01-21
META,2025-01-22
META,2025-01-23
META,2025-01-24
META,2025-01-25
META,2025-01-26
META,2025-01-27
META,2025-01-28
META,2025-01-29
META,2025-01-30
META,2025-01-31
META,2025-02-01
META,2025-02-02
META,2025-02-03
META,2025-02-04
META,2025-02-05
META,2025-02-19
META,2025-02-20
META,2025-02-21
META,2025-02-22
META,2025-02-23
META,2025-02-24
META,2025-02-25
MSFT,2021-12-19
MSFT,2021-12-20
MSFT,2021-12-21
MSFT,2021-12-22
MSFT,2021-12-23
MSFT,2021-12-24
MSFT,2021-12-25
MSFT,2021-12-26
MSFT,2021-12-27
MSFT,2021-12-28
MSFT,2021-12-29
MSFT,2021-12-30
MSFT,2021-12-31
MSFT,2022-01-01
MSFT,2022-01-02
MSFT,2022-01-03
MSFT,2022-01-04
MSFT,2022-01-10
MSFT,2022-01-11
MSFT,2022-01-12
MSFT,2022-01-13
MSFT,2022-01-14
MSFT,2022-01-15
MSFT,2022-01-16
MSFT,2022-01-17
MSFT,2022-01-18
MSFT,2022-01-19
MSFT,2022-01-20
MSFT,2022-01-21
MSFT,2022-01-22
MSFT,2022-01-23
MSFT,2022-01-24
MSFT,2022-01-25
MSFT,2022-01-26
MSFT,2022-01-27
MSFT,2022-01-28
MSFT,2022-01-29
MSFT,2022-01-30
MSFT,2022-01-31
MSFT,2022-02-01
MSFT,2022-02-02
MSFT,2022-02-09
MSFT,2022-02-10
MSFT,2022-02-11
MSFT,2022-02-12
MSFT,2022-02-13
MSFT,2022-02-14
MSFT,2022-02-15
MSFT,2022-03-14
MSFT,2022-03-15
MSFT,2022-03-16
MSFT,2022-03-17
MSFT,2022-03-18
MSFT,2022-03-19
MSFT,2022-03-20
MSFT,2022-03-21
MSFT,2022-03-22
MSFT,2022-03-23
MSFT,2022-03-24
MSFT,2022-03-25
MSFT,2022-03-26
MSFT,2022-03-27
MSFT,2022-03-28
MSFT,2022-03-29
MSFT,2022-04-13
MSFT,2022-04-14
MSFT,2022-04-15
MSFT,2022-04-16
MSFT,2022-04-17
MSFT,2022-04-18
MSFT,2022-04-19
MSFT,2022-04-20
MSFT,2022-04-21
MSFT,2022-04-22
MSFT,2022-04-23
MSFT,2022-04-24
MSFT,2022-04-25
MSFT,2022-04-26
MSFT,2022-04-27
MSFT,2022-05-18
MSFT,2022-05-19
MSFT,2022-05-20
MSFT,2022-05-21
MSFT,2022-05-22
MSFT,2022-05-23
MSFT,2022-05-24
MSFT,2022-06-13
MSFT,2022-06-14
MSFT,2022-06-15
MSFT,2022-06-16
MSFT,2022-06-17
MSFT,2022-06-18
MSFT,2022-06-19
MSFT,2022-06-20
MSFT,2022-06-21
MSFT,2022-06-22
MSFT,2022-06-23
MSFT,2022-06-24
MSFT,2022-06-25
MSFT,2022-06-26
MSFT,2022-06-27
MSFT,2022-06-28
MSFT,2022-07-13
MSFT,2022-07-14
MSFT,2022-07-15
MSFT,2022-07-16
MSFT,2022-07-17
MSFT,2022-07-18
MSFT,2022-07-19
MSFT,2022-07-20
MSFT,2022-07-21
MSFT,2022-07-22
MSFT,2022-07-23
MSFT,2022-07-24
MSFT,2022-07-25
MSFT,2022-07-26
MSFT,2022-07-27
MSFT,2022-08-17
MSFT,2022-08-18
MSFT,2022-08-19
MSFT,2022-08-20
MSFT,2022-08-21
MSFT,2022-08-22
MSFT,2022-08-23
MSFT,2022-09-12
MSFT,2022-09-13
MSFT,2022-09-14
MSFT,2022-09-15
MSFT,2022-09-16
MSFT,2022-09-17
MSFT,2022-09-18
MSFT,2022-09-19
MSFT,2022-09-20
MSFT,2022-09-21
MSFT,2022-09-22
MSFT,2022-09-23
MSFT,2022-09-24
MSFT,2022-09-25
MSFT,2022-09-26
MSFT,2022-09-27
MSFT,2022-10-10
MSFT,2022-10-11
MSFT,2022-10-12
MSFT,2022-10-13
MSFT,2022-10-14
MSFT,2022-10-15
MSFT,2022-10-16
MSFT,2022-10-17
MSFT,2022-10-18
MSFT,2022-10-19
MSFT,2022-10-20
MSFT,2022-10-21
MSFT,2022-10-22
MSFT,2022-10-23
MSFT,2022-10-24
MSFT,2022-10-25
MSFT,2022-10-26
MSFT,2022-11-09
MSFT,2022-11-10
MSFT,2022-11-11
MSFT,2022-11-12
MSFT,2022-11-13
MSFT,2022-11-14
MSFT,2022-11-15
MSFT,2022-12-18
MSFT,2022-12-19
MSFT,2022-12-20
MSFT,2022-12-21
MSFT,2022-12-22
MSFT,2022-12-23
MSFT,2022-12-24
MSFT,2022-12-25
MSFT,2022-12-26
MSFT,2022-12-27
MSFT,2022-12-28
MSFT,2022-12-29
MSFT,2022-12-30
MSFT,2022-12-31
MSFT,2023-01-01
MSFT,2023-01-02
MSFT,2023-01-03
MSFT,2023-01-16
MSFT,2023-01-17
MSFT,2023-01-18
MSFT,2023-01-19
MSFT,2023-01-20
MSFT,2023-01-21
MSFT,2023-01-22
MSFT,2023-01-23
MSFT,2023-01-24
MSFT,2023-01-25
MSFT,2023-01-26
MSFT,2023-01-27
MSFT,2023-01-28
MSFT,2023-01-29
MSFT,2023-01-30
MSFT,2023-01-31
MSFT,2023-02-01
MSFT,2023-02-15
MSFT,2023-02-16
MSFT,2023-02-17
MSFT,2023-02-18
MSFT,2023-02-19
MSFT,2023-02-20
MSFT,2023-02-21
MSFT,2023-03-13
MSFT,2023-03-14
MSFT,2023-03-15
MSFT,2023-03-16
MSFT,2023-03-17
MSFT,2023-03-18
MSFT,2023-03-19
MSFT,2023-03-20
MSFT,2023-03-21
MSFT,2023-03-22
MSFT,2023-03-23
MSFT,2023-03-24
MSFT,2023-03-25
MSFT,2023-03-26
MSFT,2023-03-27
MSFT,2023-03-28
MSFT,2023-03-29
MSFT,2023-03-30
MSFT,2023-03-31
MSFT,2023-04-01
MSFT,2023-04-02
MSFT,2023-04-03
MSFT,2023-04-04
MSFT,2023-04-12
MSFT,2023-04-13
MSFT,2023-04-14
MSFT,2023-04-15
MSFT,2023-04-16
MSFT,2023-04-17
MSFT,2023-04-18
MSFT,2023-04-19
MSFT,2023-04-20
MSFT,2023-04-21
MSFT,2023-04-22
MSFT,2023-04-23
MSFT,2023-04-24
MSFT,2023-04-25
MSFT,2023-04-26
MSFT,2023-04-27
MSFT,2023-04-28
MSFT,2023-04-29
MSFT,2023-04-30
MSFT,2023-05-01
MSFT,2023-05-02
MSFT,2023-05-03
MSFT,2023-05-17
MSFT,2023-05-18
MSFT,2023-05-19
MSFT,2023-05-20
MSFT,2023-05-21
MSFT,2023-05-22
MSFT,2023-05-23
MSFT,2023-06-12
MSFT,2023-06-13
MSFT,2023-06-14
MSFT,2023-06-15
MSFT,2023-06-16
MSFT,2023-06-17
MSFT,2023-06-18
MSFT,2023-06-19
MSFT,2023-06-20
MSFT,2023-06-21
MSFT,2023-06-22
MSFT,2023-06-23
MSFT,2023-06-24
MSFT,2023-06-25
MSFT,2023-06-26
MSFT,2023-06-27
MSFT,2023-06-28
MSFT,2023-06-29
MSFT,2023-06-30
MSFT,2023-07-01
MSFT,2023-07-02
MSFT,2023-07-03
MSFT,2023-07-04
MSFT,2023-07-12
MSFT,2023-07-13
MSFT,2023-07-14
MSFT,2023-07-15
MSFT,2023-07-16
MSFT,2023-07-17
MSFT,2023-07-18
MSFT,2023-07-19
MSFT,2023-07-20
MSFT,2023-07-21
MSFT,2023-07-22
MSFT,2023-07-23
MSFT,2023-07-24
MSFT,2023-07-25
MSFT,2023-07-27
MSFT,2023-07-28
MSFT,2023-07-29
MSFT,2023-07-30
MSFT,2023-07-31
MSFT,2023-08-01
MSFT,2023-08-02
MSFT,2023-08-16
MSFT,2023-08-17
MSFT,2023-08-18
MSFT,2023-08-19
MSFT,2023-08-20
MSFT,2023-08-21
MSFT,2023-08-22
MSFT,2023-09-11
MSFT,2023-09-12
MSFT,2023-09-13
MSFT,2023-09-14
MSFT,2023-09-15
MSFT,2023-09-16
MSFT,2023-09-17
MSFT,2023-09-18
MSFT,2023-09-19
MSFT,2023-09-20
MSFT,2023-09-21
MSFT,2023-09-22
MSFT,2023-09-23
MSFT,2023-09-24
MSFT,2023-09-25
MSFT,2023-09-26
MSFT,2023-09-27
MSFT,2023-09-28
MSFT,2023-09-29
MSFT,2023-09-30
MSFT,2023-10-01
MSFT,2023-10-02
MSFT,2023-10-03
MSFT,2023-10-11
MSFT,2023-10-12
MSFT,2023-10-13
MSFT,2023-10-14
MSFT,2023-10-15
MSFT,2023-10-16
MSFT,2023-10-17
MSFT,2023-10-18
MSFT,2023-10-19
MSFT,2023-10-20
MSFT,2023-10-21
MSFT,2023-10-22
MSFT,2023-10-23
MSFT,2023-10-24
MSFT,2023-10-25
MSFT,2023-10-26
MSFT,2023-10-27
MSFT,2023-10-28
MSFT,2023-10-29
MSFT,2023-10-30
MSFT,2023-10-31
MSFT,2023-11-01
MSFT,2023-11-14
MSFT,2023-11-15
MSFT,2023-11-16
MSFT,2023-11-17
MSFT,2023-11-18
MSFT,2023-11-19
MSFT,2023-11-20
MSFT,2023-12-18
MSFT,2023-12-19
MSFT,2023-12-20
MSFT,2023-12-21
MSFT,2023-12-22
MSFT,2023-12-23
MSFT,2023-12-24
MSFT,2023-12-25
MSFT,2023-12-26
MSFT,2023-12-27
MSFT,2023-12-28
MSFT,2023-12-29
MSFT,2023-12-30
MSFT,2023-12-31
MSFT,2024-01-01
MSFT,2024-01-02
MSFT,2024-01-15
MSFT,2024-01-16
MSFT,2024-01-17
MSFT,2024-01-18
MSFT,2024-01-19
MSFT,2024-01-20
MSFT,2024-01-21
MSFT,2024-01-22
MSFT,2024-01-23
MSFT,2024-01-24
MSFT,2024-01-25
MSFT,2024-01-26
MSFT,2024-01-27
MSFT,2024-01-28
MSFT,2024-01-29
MSFT,2024-01-30
MSFT,2024-01-31
MSFT,2024-02-14
MSFT,2024-02-15
MSFT,2024-02-16
MSFT,2024-02-17
MSFT,2024-02-18
MSFT,2024-02-19
MSFT,2024-02-20
MSFT,2024-03-17
MSFT,2024-03-18
MSFT,2024-03-19
MSFT,2024-03-20
MSFT,2024-03-21
MSFT,2024-03-22
MSFT,2024-03-23
MSFT,2024-03-24
MSFT,2024-03-25
MSFT,2024-03-26
MSFT,2024-03-27
MSFT,2024-03-28
MSFT,2024-03-29
MSFT,2024-03-30
MSFT,2024-03-31
MSFT,2024-04-01
MSFT,2024-04-02
MSFT,2024-04-15
MSFT,2024-04-16
MSFT,2024-04-17
MSFT,2024-04-18
MSFT,2024-04-19
MSFT,2024-04-20
MSFT,2024-04-21
MSFT,2024-04-22
MSFT,2024-04-23
MSFT,2024-04-24
MSFT,2024-04-25
MSFT,2024-04-26
MSFT,2024-04-27
MSFT,2024-04-28
MSFT,2024-04-29
MSFT,2024-04-30
MSFT,2024-05-01
MSFT,2024-05-15
MSFT,2024-05-16
MSFT,2024-05-17
MSFT,2024-05-18
MSFT,2024-05-19
MSFT,2024-05-20
MSFT,2024-05-21
MSFT,2024-06-16
MSFT,2024-06-17
MSFT,2024-06-18
MSFT,2024-06-19
MSFT,2024-06-20
MSFT,2024-06-21
MSFT,2024-06-22
MSFT,2024-06-23
MSFT,2024-06-24
MSFT,2024-06-25
MSFT,2024-06-26
MSFT,2024-06-27
MSFT,2024-06-28
MSFT,2024-06-29
MSFT,2024-06-30
MSFT,2024-07-01
MSFT,2024-07-02
MSFT,2024-07-16
MSFT,2024-07-17
MSFT,2024-07-18
MSFT,2024-07-19
MSFT,2024-07-20
MSFT,2024-07-21
MSFT,2024-07-22
MSFT,2024-07-23
MSFT,2024-07-24
MSFT,2024-07-25
MSFT,2024-07-26
MSFT,2024-07-27
MSFT,2024-07-28
MSFT,2024-07-29
MSFT,2024-07-30
MSFT,2024-07-31
MSFT,2024-08-21
MSFT,2024-08-22
MSFT,2024-08-23
MSFT,2024-08-24
MSFT,2024-08-25
MSFT,2024-08-26
MSFT,2024-08-27
MSFT,2024-09-16
MSFT,2024-09-17
MSFT,2024-09-18
MSFT,2024-09-19
MSFT,2024-09-20
MSFT,2024-09-21
MSFT,2024-09-22
MSFT,2024-09-23
MSFT,2024-09-24
MSFT,2024-09-25
MSFT,2024-09-26
MSFT,2024-09-27
MSFT,2024-09-28
MSFT,2024-09-29
MSFT,2024-09-30
MSFT,2024-10-01
MSFT,2024-10-14
MSFT,2024-10-15
MSFT,2024-10-16
MSFT,2024-10-17
MSFT,2024-10-18
MSFT,2024-10-19
MSFT,2024-10-20
MSFT,2024-10-21
MSFT,2024-10-22
MSFT,2024-10-23
MSFT,2024-10-24
MSFT,2024-10-25
MSFT,2024-10-26
MSFT,2024-10-27
MSFT,2024-10-28
MSFT,2024-10-29
MSFT,2024-10-30
MSFT,2024-11-13
MSFT,2024-11-14
MSFT,2024-11-15
MSFT,2024-11-16
MSFT,2024-11-17
MSFT,2024-11-18
MSFT,2024-11-19
MSFT,2024-12-23
MSFT,2024-12-24
MSFT,2024-12-25
MSFT,2024-12-26
MSFT,2024-12-27
MSFT,2024-12-28
MSFT,2024-12-29
MSFT,2024-12-30
MSFT,2024-12-31
MSFT,2025-01-01
MSFT,2025-01-02
MSFT,2025-01-03
MSFT,2025-01-04
MSFT,2025-01-05
MSFT,2025-01-06
MSFT,2025-01-07
MSFT,2025-01-20
MSFT,2025-01-21
MSFT,2025-01-22
MSFT,2025-01-23
MSFT,2025-01-24
MSFT,2025-01-25
MSFT,2025-01-26
MSFT,2025-01-27
MSFT,2025-01-28
MSFT,2025-01-29
MSFT,2025-01-30
MSFT,2025-01-31
MSFT,2025-02-01
MSFT,2025-02-02
MSFT,2025-02-03
MSFT,2025-02-04
MSFT,2025-02-05
MSFT,2025-02-19
MSFT,2025-02-20
MSFT,2025-02-21
MSFT,2025-02-22
MSFT,2025-02-23
MSFT,2025-02-24
MSFT,2025-02-25
NVDA,2021-12-19
NVDA,2021-12-20
NVDA,2021-12-21
NVDA,2021-12-22
NVDA,2021-12-23
NVDA,2021-12-24
NVDA,2021-12-25
NVDA,2021-12-26
NVDA,2021-12-27
NVDA,2021-12-28
NVDA,2021-12-29
NVDA,2021-12-30
NVDA,2021-12-31
NVDA,2022-01-01
NVDA,2022-01-02
NVDA,2022-01-03
NVDA,2022-01-04
NVDA,2022-01-10
NVDA,2022-01-11
NVDA,2022-01-12
NVDA,2022-01-13
NVDA,2022-01-14
NVDA,2022-01-15
NVDA,2022-01-16
NVDA,2022-01-17
NVDA,2022-01-18
NVDA,2022-01-19
NVDA,2022-01-20
NVDA,2022-01-21
NVDA,2022-01-22
NVDA,2022-01-23
NVDA,2022-01-24
NVDA,2022-01-25
NVDA,2022-01-26
NVDA,2022-01-27
NVDA,2022-01-28
NVDA,2022-01-29
NVDA,2022-01-30
NVDA,2022-01-31
NVDA,2022-02-01
NVDA,2022-02-02
NVDA,2022-02-09
NVDA,2022-02-10
NVDA,2022-02-11
NVDA,2022-02-12
NVDA,2022-02-13
NVDA,2022-02-14
NVDA,2022-02-15
NVDA,2022-03-14
NVDA,2022-03-15
NVDA,2022-03-16
NVDA,2022-03-17
NVDA,2022-03-18
NVDA,2022-03-19
NVDA,2022-03-20
NVDA,2022-03-21
NVDA,2022-03-22
NVDA,2022-03-23
NVDA,2022-03-24
NVDA,2022-03-25
NVDA,2022-03-26
NVDA,2022-03-27
NVDA,2022-03-28
NVDA,2022-03-29
NVDA,2022-04-13
NVDA,2022-04-14
NVDA,2022-04-15
NVDA,2022-04-16
NVDA,2022-04-17
NVDA,2022-04-18
NVDA,2022-04-19
NVDA,2022-04-20
NVDA,2022-04-21
NVDA,2022-04-22
NVDA,2022-04-23
NVDA,2022-04-24
NVDA,2022-04-25
NVDA,2022-04-26
NVDA,2022-04-27
NVDA,2022-05-18
NVDA,2022-05-19
NVDA,2022-05-20
NVDA,2022-05-21
NVDA,2022-05-22
NVDA,2022-05-23
NVDA,2022-05-24
NVDA,2022-06-13
NVDA,2022-06-14
NVDA,2022-06-15
NVDA,2022-06-16
NVDA,2022-06-17
NVDA,2022-06-18
NVDA,2022-06-19
NVDA,2022-06-20
NVDA,2022-06-21
NVDA,2022-06-22
NVDA,2022-06-23
NVDA,2022-06-24
NVDA,2022-06-25
NVDA,2022-06-26
NVDA,2022-06-27
NVDA,2022-06-28
NVDA,2022-07-13
NVDA,2022-07-14
NVDA,2022-07-15
NVDA,2022-07-16
NVDA,2022-07-17
NVDA,2022-07-18
NVDA,2022-07-19
NVDA,2022-07-20
NVDA,2022-07-21
NVDA,2022-07-22
NVDA,2022-07-23
NVDA,2022-07-24
NVDA,2022-07-25
NVDA,2022-07-26
NVDA,2022-07-27
NVDA,2022-08-17
NVDA,2022-08-18
NVDA,2022-08-19
NVDA,2022-08-20
NVDA,2022-08-21
NVDA,2022-08-22
NVDA,2022-08-23
NVDA,2022-09-12
NVDA,2022-09-13
NVDA,2022-09-14
NVDA,2022-09-15
NVDA,2022-09-16
NVDA,2022-09-17
NVDA,2022-09-18
NVDA,2022-09-19
NVDA,2022-09-20
NVDA,2022-09-21
NVDA,2022-09-22
NVDA,2022-09-23
NVDA,2022-09-24
NVDA,2022-09-25
NVDA,2022-09-26
NVDA,2022-09-27
NVDA,2022-10-10
NVDA,2022-10-11
NVDA,2022-10-12
NVDA,2022-10-13
NVDA,2022-10-14
NVDA,2022-10-15
NVDA,2022-10-16
NVDA,2022-10-17
NVDA,2022-10-18
NVDA,2022-10-19
NVDA,2022-10-20
NVDA,2022-10-21
NVDA,2022-10-22
NVDA,2022-10-23
NVDA,2022-10-24
NVDA,2022-10-25
NVDA,2022-10-26
NVDA,2022-11-09
NVDA,2022-11-10
NVDA,2022-11-11
NVDA,2022-11-12
NVDA,2022-11-13
NVDA,2022-11-14
NVDA,2022-11-15
NVDA,2022-12-18
NVDA,2022-12-19
NVDA,2022-12-20
NVDA,2022-12-21
NVDA,2022-12-22
NVDA,2022-12-23
NVDA,2022-12-24
NVDA,2022-12-25
NVDA,2022-12-26
NVDA,2022-12-27
NVDA,2022-12-28
NVDA,2022-12-29
NVDA,2022-12-30
NVDA,2022-12-31
NVDA,2023-01-01
NVDA,2023-01-02
NVDA,2023-01-03
NVDA,2023-01-16
NVDA,2023-01-17
NVDA,2023-01-18
NVDA,2023-01-19
NVDA,2023-01-20
NVDA,2023-01-21
NVDA,2023-01-22
NVDA,2023-01-23
NVDA,2023-01-24
NVDA,2023-01-25
NVDA,2023-01-26
NVDA,2023-01-27
NVDA,2023-01-28
NVDA,2023-01-29
NVDA,2023-01-30
NVDA,2023-01-31
NVDA,2023-02-01
NVDA,2023-02-15
NVDA,2023-02-16
NVDA,2023-02-17
NVDA,2023-02-18
NVDA,2023-02-19
NVDA,2023-02-20
NVDA,2023-02-21
NVDA,2023-03-13
NVDA,2023-03-14
NVDA,2023-03-15
NVDA,2023-03-16
NVDA,2023-03-17
NVDA,2023-03-18
NVDA,2023-03-19
NVDA,2023-03-20
NVDA,2023-03-21
NVDA,2023-03-22
NVDA,2023-03-23
NVDA,2023-03-24
NVDA,2023-03-25
NVDA,2023-03-26
NVDA,2023-03-27
NVDA,2023-03-28
NVDA,2023-03-29
NVDA,2023-03-30
NVDA,2023-03-31
NVDA,2023-04-01
NVDA,2023-04-02
NVDA,2023-04-03
NVDA,2023-04-04
NVDA,2023-04-12
NVDA,2023-04-13
NVDA,2023-04-14
NVDA,2023-04-15
NVDA,2023-04-16
NVDA,2023-04-17
NVDA,2023-04-18
NVDA,2023-04-19
NVDA,2023-04-20
NVDA,2023-04-21
NVDA,2023-04-22
NVDA,2023-04-23
NVDA,2023-04-24
NVDA,2023-04-25
NVDA,2023-04-26
NVDA,2023-04-27
NVDA,2023-04-28
NVDA,2023-04-29
NVDA,2023-04-30
NVDA,2023-05-01
NVDA,2023-05-02
NVDA,2023-05-03
NVDA,2023-05-17
NVDA,2023-05-18
NVDA,2023-05-19
NVDA,2023-05-20
NVDA,2023-05-21
NVDA,2023-05-22
NVDA,2023-05-23
NVDA,2023-06-12
NVDA,2023-06-13
NVDA,2023-06-14
NVDA,2023-06-15
NVDA,2023-06-16
NVDA,2023-06-17
NVDA,2023-06-18
NVDA,2023-06-19
NVDA,2023-06-20
NVDA,2023-06-21
NVDA,2023-06-22
NVDA,2023-06-23
NVDA,2023-06-24
NVDA,2023-06-25
NVDA,2023-06-26
NVDA,2023-06-27
NVDA,2023-06-28
NVDA,2023-06-29
NVDA,2023-06-30
NVDA,2023-07-01
NVDA,2023-07-02
NVDA,2023-07-03
NVDA,2023-07-04
NVDA,2023-07-12
NVDA,2023-07-13
NVDA,2023-07-14
NVDA,2023-07-15
NVDA,2023-07-16
NVDA,2023-07-17
NVDA,2023-07-18
NVDA,2023-07-19
NVDA,2023-07-20
NVDA,2023-07-21
NVDA,2023-07-22
NVDA,2023-07-23
NVDA,2023-07-24
NVDA,2023-07-25
NVDA,2023-07-27
NVDA,2023-07-28
NVDA,2023-07-29
NVDA,2023-07-30
NVDA,2023-07-31
NVDA,2023-08-01
NVDA,2023-08-02
NVDA,2023-08-16
NVDA,2023-08-17
NVDA,2023-08-18
NVDA,2023-08-19
NVDA,2023-08-20
NVDA,2023-08-21
NVDA,2023-08-22
NVDA,2023-09-11
NVDA,2023-09-12
NVDA,2023-09-13
NVDA,2023-09-14
NVDA,2023-09-15
NVDA,2023-09-16
NVDA,2023-09-17
NVDA,2023-09-18
NVDA,2023-09-19
NVDA,2023-09-20
NVDA,2023-09-21
NVDA,2023-09-22
NVDA,2023-09-23
NVDA,2023-09-24
NVDA,2023-09-25
NVDA,2023-09-26
NVDA,2023-09-27
NVDA,2023-09-28
NVDA,2023-09-29
NVDA,2023-09-30
NVDA,2023-10-01
NVDA,2023-10-02
NVDA,2023-10-03
NVDA,2023-10-11
NVDA,2023-10-12
NVDA,2023-10-13
NVDA,2023-10-14
NVDA,2023-10-15
NVDA,2023-10-16
NVDA,2023-10-17
NVDA,2023-10-18
NVDA,2023-10-19
NVDA,2023-10-20
NVDA,2023-10-21
NVDA,2023-10-22
NVDA,2023-10-23
NVDA,2023-10-24
NVDA,2023-10-25
NVDA,2023-10-26
NVDA,2023-10-27
NVDA,2023-10-28
NVDA,2023-10-29
NVDA,2023-10-30
NVDA,2023-10-31
NVDA,2023-11-01
NVDA,2023-11-14
NVDA,2023-11-15
NVDA,2023-11-16
NVDA,2023-11-17
NVDA,2023-11-18
NVDA,2023-11-19
NVDA,2023-11-20
NVDA,2023-12-18
NVDA,2023-12-19
NVDA,2023-12-20
NVDA,2023-12-21
NVDA,2023-12-22
NVDA,2023-12-23
NVDA,2023-12-24
NVDA,2023-12-25
NVDA,2023-12-26
NVDA,2023-12-27
NVDA,2023-12-28
NVDA,2023-12-29
NVDA,2023-12-30
NVDA,2023-12-31
NVDA,2024-01-01
NVDA,2024-01-02
NVDA,2024-01-15
NVDA,2024-01-16
NVDA,2024-01-17
NVDA,2024-01-18
NVDA,2024-01-19
NVDA,2024-01-20
NVDA,2024-01-21
NVDA,2024-01-22
NVDA,2024-01-23
NVDA,2024-01-24
NVDA,2024-01-25
NVDA,2024-01-26
NVDA,2024-01-27
NVDA,2024-01-28
NVDA,2024-01-29
NVDA,2024-01-30
NVDA,2024-01-31
NVDA,2024-02-14
NVDA,2024-02-15
NVDA,2024-02-16
NVDA,2024-02-17
NVDA,2024-02-18
NVDA,2024-02-19
NVDA,2024-02-20
NVDA,2024-03-17
NVDA,2024-03-18
NVDA,2024-03-19
NVDA,2024-03-20
NVDA,2024-03-21
NVDA,2024-03-22
NVDA,2024-03-23
NVDA,2024-03-24
NVDA,2024-03-25
NVDA,2024-03-26
NVDA,2024-03-27
NVDA,2024-03-28
NVDA,2024-03-29
NVDA,2024-03-30
NVDA,2024-03-31
NVDA,2024-04-01
NVDA,2024-04-02
NVDA,2024-04-15
NVDA,2024-04-16
NVDA,2024-04-17
NVDA,2024-04-18
NVDA,2024-04-19
NVDA,2024-04-20
NVDA,2024-04-21
NVDA,2024-04-22
NVDA,2024-04-23
NVDA,2024-04-24
NVDA,2024-04-25
NVDA,2024-04-26
NVDA,2024-04-27
NVDA,2024-04-28
NVDA,2024-04-29
NVDA,2024-04-30
NVDA,2024-05-01
NVDA,2024-05-15
NVDA,2024-05-16
NVDA,2024-05-17
NVDA,2024-05-18
NVDA,2024-05-19
NVDA,2024-05-20
NVDA,2024-05-21
NVDA,2024-06-16
NVDA,2024-06-17
NVDA,2024-06-18
NVDA,2024-06-19
NVDA,2024-06-20
NVDA,2024-06-21
NVDA,2024-06-22
NVDA,2024-06-23
NVDA,2024-06-24
NVDA,2024-06-25
NVDA,2024-06-26
NVDA,2024-06-27
NVDA,2024-06-28
NVDA,2024-06-29
NVDA,2024-06-30
NVDA,2024-07-01
NVDA,2024-07-02
NVDA,2024-07-16
NVDA,2024-07-17
NVDA,2024-07-18
NVDA,2024-07-19
NVDA,2024-07-20
NVDA,2024-07-21
NVDA,2024-07-22
NVDA,2024-07-23
NVDA,2024-07-24
NVDA,2024-07-25
NVDA,2024-07-26
NVDA,2024-07-27
NVDA,2024-07-28
NVDA,2024-07-29
NVDA,2024-07-30
NVDA,2024-07-31
NVDA,2024-08-21
NVDA,2024-08-22
NVDA,2024-08-23
NVDA,2024-08-24
NVDA,2024-08-25
NVDA,2024-08-26
NVDA,2024-08-27
NVDA,2024-09-16
NVDA,2024-09-17
NVDA,2024-09-18
NVDA,2024-09-19
NVDA,2024-09-20
NVDA,2024-09-21
NVDA,2024-09-22
NVDA,2024-09-23
NVDA,2024-09-24
NVDA,2024-09-25
NVDA,2024-09-26
NVDA,2024-09-27
NVDA,2024-09-28
NVDA,2024-09-29
NVDA,2024-09-30
NVDA,2024-10-01
NVDA,2024-10-14
NVDA,2024-10-15
NVDA,2024-10-16
NVDA,2024-10-17
NVDA,2024-10-18
NVDA,2024-10-19
NVDA,2024-10-20
NVDA,2024-10-21
NVDA,2024-10-22
NVDA,2024-10-23
NVDA,2024-10-24
NVDA,2024-10-25
NVDA,2024-10-26
NVDA,2024-10-27
NVDA,2024-10-28
NVDA,2024-10-29
NVDA,2024-10-30
NVDA,2024-11-13
NVDA,2024-11-14
NVDA,2024-11-15
NVDA,2024-11-16
NVDA,2024-11-17
NVDA,2024-11-18
NVDA,2024-11-19
NVDA,2024-12-23
NVDA,2024-12-24
NVDA,2024-12-25
NVDA,2024-12-26
NVDA,2024-12-27
NVDA,2024-12-28
NVDA,2024-12-29
NVDA,2024-12-30
NVDA,2024-12-31
NVDA,2025-01-01
NVDA,2025-01-02
NVDA,2025-01-03
NVDA,2025-01-04
NVDA,2025-01-05
NVDA,2025-01-06
NVDA,2025-01-07
NVDA,2025-01-20
NVDA,2025-01-21
NVDA,2025-01-22
NVDA,2025-01-23
NVDA,2025-01-24
NVDA,2025-01-25
NVDA,2025-01-26
NVDA,2025-01-27
NVDA,2025-01-28
NVDA,2025-01-29
NVDA,2025-01-30
NVDA,2025-01-31
NVDA,2025-02-01
NVDA,2025-02-02
NVDA,2025-02-03
NVDA,2025-02-04
NVDA,2025-02-05
NVDA,2025-02-19
NVDA,2025-02-20
NVDA,2025-02-21
NVDA,2025-02-22
NVDA,2025-02-23
NVDA,2025-02-24
NVDA,2025-02-25
TSLA,2021-12-19
TSLA,2021-12-20
TSLA,2021-12-21
TSLA,2021-12-22
TSLA,2021-12-23
TSLA,2021-12-24
TSLA,2021-12-25
TSLA,2021-12-26
TSLA,2021-12-27
TSLA,2021-12-28
TSLA,2021-12-29
TSLA,2021-12-30
TSLA,2021-12-31
TSLA,2022-01-01
TSLA,2022-01-02
TSLA,2022-01-03
TSLA,2022-01-04
TSLA,2022-01-10
TSLA,2022-01-11
TSLA,2022-01-12
TSLA,2022-01-13
TSLA,2022-01-14
TSLA,2022-01-15
TSLA,2022-01-16
TSLA,2022-01-17
TSLA,2022-01-18
TSLA,2022-01-19
TSLA,2022-01-20
TSLA,2022-01-21
TSLA,2022-01-22
TSLA,2022-01-23
TSLA,2022-01-24
TSLA,2022-01-25
TSLA,2022-01-26
TSLA,2022-01-27
TSLA,2022-01-28
TSLA,2022-01-29
TSLA,2022-01-30
TSLA,2022-01-31
TSLA,2022-02-01
TSLA,2022-02-02
TSLA,2022-02-09
TSLA,2022-02-10
TSLA,2022-02-11
TSLA,2022-02-12
TSLA,2022-02-13
TSLA,2022-02-14
TSLA,2022-02-15
TSLA,2022-03-14
TSLA,2022-03-15
TSLA,2022-03-16
TSLA,2022-03-17
TSLA,2022-03-18
TSLA,2022-03-19
TSLA,2022-03-20
TSLA,2022-03-21
TSLA,2022-03-22
TSLA,2022-03-23
TSLA,2022-03-24
TSLA,2022-03-25
TSLA,2022-03-26
TSLA,2022-03-27
TSLA,2022-03-28
TSLA,2022-03-29
TSLA,2022-04-13
TSLA,2022-04-14
TSLA,2022-04-15
TSLA,2022-04-16
TSLA,2022-04-17
TSLA,2022-04-18
TSLA,2022-04-19
TSLA,2022-04-20
TSLA,2022-04-21
TSLA,2022-04-22
TSLA,2022-04-23
TSLA,2022-04-24
TSLA,2022-04-25
TSLA,2022-04-26
TSLA,2022-04-27
TSLA,2022-05-18
TSLA,2022-05-19
TSLA,2022-05-20
TSLA,2022-05-21
TSLA,2022-05-22
TSLA,2022-05-23
TSLA,2022-05-24
TSLA,2022-06-13
TSLA,2022-06-14
TSLA,2022-06-15
TSLA,2022-06-16
TSLA,2022-06-17
TSLA,2022-06-18
TSLA,2022-06-19
TSLA,2022-06-20
TSLA,2022-06-21
TSLA,2022-06-22
TSLA,2022-06-23
TSLA,2022-06-24
TSLA,2022-06-25
TSLA,2022-06-26
TSLA,2022-06-27
TSLA,2022-06-28
TSLA,2022-07-13
TSLA,2022-07-14
TSLA,2022-07-15
TSLA,2022-07-16
TSLA,2022-07-17
TSLA,2022-07-18
TSLA,2022-07-19
TSLA,2022-07-20
TSLA,2022-07-21
TSLA,2022-07-22
TSLA,2022-07-23
TSLA,2022-07-24
TSLA,2022-07-25
TSLA,2022-07-26
TSLA,2022-07-27
TSLA,2022-08-17
TSLA,2022-08-18
TSLA,2022-08-19
TSLA,2022-08-20
TSLA,2022-08-21
TSLA,2022-08-22
TSLA,2022-08-23
TSLA,2022-09-12
TSLA,2022-09-13
TSLA,2022-09-14
TSLA,2022-09-15
TSLA,2022-09-16
TSLA,2022-09-17
TSLA,2022-09-18
TSLA,2022-09-19
TSLA,2022-09-20
TSLA,2022-09-21
TSLA,2022-09-22
TSLA,2022-09-23
TSLA,2022-09-24
TSLA,2022-09-25
TSLA,2022-09-26
TSLA,2022-09-27
TSLA,2022-10-10
TSLA,2022-10-11
TSLA,2022-10-12
TSLA,2022-10-13
TSLA,2022-10-14
TSLA,2022-10-15
TSLA,2022-10-16
TSLA,2022-10-17
TSLA,2022-10-18
TSLA,2022-10-19
TSLA,2022-10-20
TSLA,2022-10-21
TSLA,2022-10-22
TSLA,2022-10-23
TSLA,2022-10-24
TSLA,2022-10-25
TSLA,2022-10-26
TSLA,2022-11-09
TSLA,2022-11-10
TSLA,2022-11-11
TSLA,2022-11-12
TSLA,2022-11-13
TSLA,2022-11-14
TSLA,2022-11-15
TSLA,2022-12-18
TSLA,2022-12-19
TSLA,2022-12-20
TSLA,2022-12-21
TSLA,2022-12-22
TSLA,2022-12-23
TSLA,2022-12-24
TSLA,2022-12-25
TSLA,2022-12-26
TSLA,2022-12-27
TSLA,2022-12-28
TSLA,2022-12-29
TSLA,2022-12-30
TSLA,2022-12-31
TSLA,2023-01-01
TSLA,2023-01-02
TSLA,2023-01-03
TSLA,2023-01-16
TSLA,2023-01-17
TSLA,2023-01-18
TSLA,2023-01-19
TSLA,2023-01-20
TSLA,2023-01-21
TSLA,2023-01-22
TSLA,2023-01-23
TSLA,2023-01-24
TSLA,2023-01-25
TSLA,2023-01-26
TSLA,2023-01-27
TSLA,2023-01-28
TSLA,2023-01-29
TSLA,2023-01-30
TSLA,2023-01-31
TSLA,2023-02-01
TSLA,2023-02-15
TSLA,2023-02-16
TSLA,2023-02-17
TSLA,2023-02-18
TSLA,2023-02-19
TSLA,2023-02-20
TSLA,2023-02-21
TSLA,2023-03-13
TSLA,2023-03-14
TSLA,2023-03-15
TSLA,2023-03-16
TSLA,2023-03-17
TSLA,2023-03-18
TSLA,2023-03-19
TSLA,2023-03-20
TSLA,2023-03-21
TSLA,2023-03-22
TSLA,2023-03-23
TSLA,2023-03-24
TSLA,2023-03-25
TSLA,2023-03-26
TSLA,2023-03-27
TSLA,2023-03-28
TSLA,2023-03-29
TSLA,2023-03-30
TSLA,2023-03-31
TSLA,2023-04-01
TSLA,2023-04-02
TSLA,2023-04-03
TSLA,2023-04-04
TSLA,2023-04-12
TSLA,2023-04-13
TSLA,2023-04-14
TSLA,2023-04-15
TSLA,2023-04-16
TSLA,2023-04-17
TSLA,2023-04-18
TSLA,2023-04-19
TSLA,2023-04-20
TSLA,2023-04-21
TSLA,2023-04-22
TSLA,2023-04-23
TSLA,2023-04-24
TSLA,2023-04-25
TSLA,2023-04-26
TSLA,2023-04-27
TSLA,2023-04-28
TSLA,2023-04-29
TSLA,2023-04-30
TSLA,2023-05-01
TSLA,2023-05-02
TSLA,2023-05-03
TSLA,2023-05-17
TSLA,2023-05-18
TSLA,2023-05-19
TSLA,2023-05-20
TSLA,2023-05-21
TSLA,2023-05-22
TSLA,2023-05-23
TSLA,2023-06-12
TSLA,2023-06-13
TSLA,2023-06-14
TSLA,2023-06-15
TSLA,2023-06-16
TSLA,2023-06-17
TSLA,2023-06-18
TSLA,2023-06-19
TSLA,2023-06-20
TSLA,2023-06-21
TSLA,2023-06-22
TSLA,2023-06-23
TSLA,2023-06-24
TSLA,2023-06-25
TSLA,2023-06-26
TSLA,2023-06-27
TSLA,2023-06-28
TSLA,2023-06-29
TSLA,2023-06-30
TSLA,2023-07-01
TSLA,2023-07-02
TSLA,2023-07-03
TSLA,2023-07-04
TSLA,2023-07-12
TSLA,2023-07-13
TSLA,2023-07-14
TSLA,2023-07-15
TSLA,2023-07-16
TSLA,2023-07-17
TSLA,2023-07-18
TSLA,2023-07-19
TSLA,2023-07-20
TSLA,2023-07-21
TSLA,2023-07-22
TSLA,2023-07-23
TSLA,2023-07-24
TSLA,2023-07-25
TSLA,2023-07-27
TSLA,2023-07-28
TSLA,2023-07-29
TSLA,2023-07-30
TSLA,2023-07-31
TSLA,2023-08-01
TSLA,2023-08-02
TSLA,2023-08-16
TSLA,2023-08-17
TSLA,2023-08-18
TSLA,2023-08-19
TSLA,2023-08-20
TSLA,2023-08-21
TSLA,2023-08-22
TSLA,2023-09-11
TSLA,2023-09-12
TSLA,2023-09-13
TSLA,2023-09-14
TSLA,2023-09-15
TSLA,2023-09-16
TSLA,2023-09-17
TSLA,2023-09-18
TSLA,2023-09-19
TSLA,2023-09-20
TSLA,2023-09-21
TSLA,2023-09-22
TSLA,2023-09-23
TSLA,2023-09-24
TSLA,2023-09-25
TSLA,2023-09-26
TSLA,2023-09-27
TSLA,2023-09-28
TSLA,2023-09-29
TSLA,2023-09-30
TSLA,2023-10-01
TSLA,2023-10-02
TSLA,2023-10-03
TSLA,2023-10-11
TSLA,2023-10-12
TSLA,2023-10-13
TSLA,2023-10-14
TSLA,2023-10-15
TSLA,2023-10-16
TSLA,2023-10-17
TSLA,2023-10-18
TSLA,2023-10-19
TSLA,2023-10-20
TSLA,2023-10-21
TSLA,2023-10-22
TSLA,2023-10-23
TSLA,2023-10-24
TSLA,2023-10-25
TSLA,2023-10-26
TSLA,2023-10-27
TSLA,2023-10-28
TSLA,2023-10-29
TSLA,2023-10-30
TSLA,2023-10-31
TSLA,2023-11-01
TSLA,2023-11-14
TSLA,2023-11-15
TSLA,2023-11-16
TSLA,2023-11-17
TSLA,2023-11-18
TSLA,2023-11-19
TSLA,2023-11-20
TSLA,2023-12-18
TSLA,2023-12-19
TSLA,2023-12-20
TSLA,2023-12-21
TSLA,2023-12-22
TSLA,2023-12-23
TSLA,2023-12-24
TSLA,2023-12-25
TSLA,2023-12-26
TSLA,2023-12-27
TSLA,2023-12-28
TSLA,2023-12-29
TSLA,2023-12-30
TSLA,2023-12-31
TSLA,2024-01-01
TSLA,2024-01-02
TSLA,2024-01-15
TSLA,2024-01-16
TSLA,2024-01-17
TSLA,2024-01-18
TSLA,2024-01-19
TSLA,2024-01-20
TSLA,2024-01-21
TSLA,2024-01-22
TSLA,2024-01-23
TSLA,2024-01-24
TSLA,2024-01-25
TSLA,2024-01-26
TSLA,2024-01-27
TSLA,2024-01-28
TSLA,2024-01-29
TSLA,2024-01-30
TSLA,2024-01-31
TSLA,2024-02-14
TSLA,2024-02-15
TSLA,2024-02-16
TSLA,2024-02-17
TSLA,2024-02-18
TSLA,2024-02-19
TSLA,2024-02-20
TSLA,2024-03-17
TSLA,2024-03-18
TSLA,2024-03-19
TSLA,2024-03-20
TSLA,2024-03-21
TSLA,2024-03-22
TSLA,2024-03-23
TSLA,2024-03-24
TSLA,2024-03-25
TSLA,2024-03-26
TSLA,2024-03-27
TSLA,2024-03-28
TSLA,2024-03-29
TSLA,2024-03-30
TSLA,2024-03-31
TSLA,2024-04-01
TSLA,2024-04-02
TSLA,2024-04-15
TSLA,2024-04-16
TSLA,2024-04-17
TSLA,2024-04-18
TSLA,2024-04-19
TSLA,2024-04-20
TSLA,2024-04-21
TSLA,2024-04-22
TSLA,2024-04-23
TSLA,2024-04-24
TSLA,2024-04-25
TSLA,2024-04-26
TSLA,2024-04-27
TSLA,2024-04-28
TSLA,2024-04-29
TSLA,2024-04-30
TSLA,2024-05-01
TSLA,2024-05-15
TSLA,2024-05-16
TSLA,2024-05-17
TSLA,2024-05-18
TSLA,2024-05-19
TSLA,2024-05-20
TSLA,2024-05-21
TSLA,2024-06-16
TSLA,2024-06-17
TSLA,2024-06-18
TSLA,2024-06-19
TSLA,2024-06-20
TSLA,2024-06-21
TSLA,2024-06-22
TSLA,2024-06-23
TSLA,2024-06-24
TSLA,2024-06-25
TSLA,2024-06-26
TSLA,2024-06-27
TSLA,2024-06-28
TSLA,2024-06-29
TSLA,2024-06-30
TSLA,2024-07-01
TSLA,2024-07-02
TSLA,2024-07-16
TSLA,2024-07-17
TSLA,2024-07-18
TSLA,2024-07-19
TSLA,2024-07-20
TSLA,2024-07-21
TSLA,2024-07-22
TSLA,2024-07-23
TSLA,2024-07-24
TSLA,2024-07-25
TSLA,2024-07-26
TSLA,2024-07-27
TSLA,2024-07-28
TSLA,2024-07-29
TSLA,2024-07-30
TSLA,2024-07-31
TSLA,2024-08-21
TSLA,2024-08-22
TSLA,2024-08-23
TSLA,2024-08-24
TSLA,2024-08-25
TSLA,2024-08-26
TSLA,2024-08-27
TSLA,2024-09-16
TSLA,2024-09-17
TSLA,2024-09-18
TSLA,2024-09-19
TSLA,2024-09-20
TSLA,2024-09-21
TSLA,2024-09-22
TSLA,2024-09-23
TSLA,2024-09-24
TSLA,2024-09-25
TSLA,2024-09-26
TSLA,2024-09-27
TSLA,2024-09-28
TSLA,2024-09-29
TSLA,2024-09-30
TSLA,2024-10-01
TSLA,2024-10-14
TSLA,2024-10-15
TSLA,2024-10-16
TSLA,2024-10-17
TSLA,2024-10-18
TSLA,2024-10-19
TSLA,2024-10-20
TSLA,2024-10-21
TSLA,2024-10-22
TSLA,2024-10-23
TSLA,2024-10-24
TSLA,2024-10-25
TSLA,2024-10-26
TSLA,2024-10-27
TSLA,2024-10-28
TSLA,2024-10-29
TSLA,2024-10-30
TSLA,2024-11-13
TSLA,2024-11-14
TSLA,2024-11-15
TSLA,2024-11-16
TSLA,2024-11-17
TSLA,2024-11-18
TSLA,2024-11-19
TSLA,2024-12-23
TSLA,2024-12-24
TSLA,2024-12-25
TSLA,2024-12-26
TSLA,2024-12-27
TSLA,2024-12-28
TSLA,2024-12-29
TSLA,2024-12-30
TSLA,2024-12-31
TSLA,2025-01-01
TSLA,2025-01-02
TSLA,2025-01-03
TSLA,2025-01-04
TSLA,2025-01-05
TSLA,2025-01-06
TSLA,2025-01-07
TSLA,2025-01-20
TSLA,2025-01-21
TSLA,2025-01-22
TSLA,2025-01-23
TSLA,2025-01-24
TSLA,2025-01-25
TSLA,2025-01-26
TSLA,2025-01-27
TSLA,2025-01-28
TSLA,2025-01-29
TSLA,2025-01-30
TSLA,2025-01-31
TSLA,2025-02-01
TSLA,2025-02-02
TSLA,2025-02-03
TSLA,2025-02-04
TSLA,2025-02-05
TSLA,2025-02-19
TSLA,2025-02-20
TSLA,2025-02-21
TSLA,2025-02-22
TSLA,2025-02-23
TSLA,2025-02-24
TSLA,2025-02-25
